Workbook

Sheet Summary
B2: AY26-27 Classera Plans | Events Tracker
B3: Live summary from the Events sheet. Every number below is a formula, so it updates as you edit the tracker.
B4: Today | C4: =TODAY() -> 46296
B6: Program | C6: Events | D6: Upcoming | E6: Next 14 days | F6: Date TBC | G6: Links Published | H6: Links Missing | I6: Delivered | J6: Registrations | K6: Attendees | L6: Attendance Rate | M6: Avg Satisfaction | N6: Open Flags
B7: Professional Development | C7: =COUNTIFS(Events!$B$2:$B$400,$B7) -> 13 | D7: =COUNTIFS(Events!$B$2:$B$400,$B7,Events!$AE$2:$AE$400,"<>Past",Events!$A$2:$A$400,"<>") -> 10 | E7: =COUNTIFS(Events!$B$2:$B$400,$B7,Events!$AE$2:$AE$400,"Next 14 days") -> 1 | F7: =COUNTIFS(Events!$B$2:$B$400,$B7,Events!$I$2:$I$400,"<>Confirmed",Events!$A$2:$A$400,"<>") -> 0 | G7: =COUNTIFS(Events!$B$2:$B$400,$B7,Events!$T$2:$T$400,"Published") -> 3 | H7: =COUNTIFS(Events!$B$2:$B$400,$B7,Events!$T$2:$T$400,"Missing",Events!$A$2:$A$400,"<>") -> 10 | I7: =COUNTIFS(Events!$B$2:$B$400,$B7,Events!$U$2:$U$400,"Delivered") -> 3 | J7: =SUMIFS(Events!$X$2:$X$400,Events!$B$2:$B$400,$B7) -> 0 | K7: =SUMIFS(Events!$Y$2:$Y$400,Events!$B$2:$B$400,$B7) -> 0 | L7: =IF(J7>0,K7/J7,"-") -> - | M7: =IFERROR(AVERAGEIFS(Events!$AA$2:$AA$400,Events!$AA$2:$AA$400,">0",Events!$B$2:$B$400,$B7),"-") -> - | N7: =COUNTIFS(Events!$B$2:$B$400,$B7,Events!$AG$2:$AG$400,"?*") -> 1
B8: Accreditation | C8: =COUNTIFS(Events!$B$2:$B$400,$B8) -> 19 | D8: =COUNTIFS(Events!$B$2:$B$400,$B8,Events!$AE$2:$AE$400,"<>Past",Events!$A$2:$A$400,"<>") -> 18 | E8: =COUNTIFS(Events!$B$2:$B$400,$B8,Events!$AE$2:$AE$400,"Next 14 days") -> 1 | F8: =COUNTIFS(Events!$B$2:$B$400,$B8,Events!$I$2:$I$400,"<>Confirmed",Events!$A$2:$A$400,"<>") -> 0 | G8: =COUNTIFS(Events!$B$2:$B$400,$B8,Events!$T$2:$T$400,"Published") -> 19 | H8: =COUNTIFS(Events!$B$2:$B$400,$B8,Events!$T$2:$T$400,"Missing",Events!$A$2:$A$400,"<>") -> 0 | I8: =COUNTIFS(Events!$B$2:$B$400,$B8,Events!$U$2:$U$400,"Delivered") -> 0 | J8: =SUMIFS(Events!$X$2:$X$400,Events!$B$2:$B$400,$B8) -> 0 | K8: =SUMIFS(Events!$Y$2:$Y$400,Events!$B$2:$B$400,$B8) -> 0 | L8: =IF(J8>0,K8/J8,"-") -> - | M8: =IFERROR(AVERAGEIFS(Events!$AA$2:$AA$400,Events!$AA$2:$AA$400,">0",Events!$B$2:$B$400,$B8),"-") -> - | N8: =COUNTIFS(Events!$B$2:$B$400,$B8,Events!$AG$2:$AG$400,"?*") -> 2
B9: Enrichment Academy | C9: =COUNTIFS(Events!$B$2:$B$400,$B9) -> 32 | D9: =COUNTIFS(Events!$B$2:$B$400,$B9,Events!$AE$2:$AE$400,"<>Past",Events!$A$2:$A$400,"<>") -> 31 | E9: =COUNTIFS(Events!$B$2:$B$400,$B9,Events!$AE$2:$AE$400,"Next 14 days") -> 3 | F9: =COUNTIFS(Events!$B$2:$B$400,$B9,Events!$I$2:$I$400,"<>Confirmed",Events!$A$2:$A$400,"<>") -> 0 | G9: =COUNTIFS(Events!$B$2:$B$400,$B9,Events!$T$2:$T$400,"Published") -> 11 | H9: =COUNTIFS(Events!$B$2:$B$400,$B9,Events!$T$2:$T$400,"Missing",Events!$A$2:$A$400,"<>") -> 21 | I9: =COUNTIFS(Events!$B$2:$B$400,$B9,Events!$U$2:$U$400,"Delivered") -> 0 | J9: =SUMIFS(Events!$X$2:$X$400,Events!$B$2:$B$400,$B9) -> 0 | K9: =SUMIFS(Events!$Y$2:$Y$400,Events!$B$2:$B$400,$B9) -> 0 | L9: =IF(J9>0,K9/J9,"-") -> - | M9: =IFERROR(AVERAGEIFS(Events!$AA$2:$AA$400,Events!$AA$2:$AA$400,">0",Events!$B$2:$B$400,$B9),"-") -> - | N9: =COUNTIFS(Events!$B$2:$B$400,$B9,Events!$AG$2:$AG$400,"?*") -> 4
B10: Product Events | C10: =COUNTIFS(Events!$B$2:$B$400,$B10) -> 4 | D10: =COUNTIFS(Events!$B$2:$B$400,$B10,Events!$AE$2:$AE$400,"<>Past",Events!$A$2:$A$400,"<>") -> 4 | E10: =COUNTIFS(Events!$B$2:$B$400,$B10,Events!$AE$2:$AE$400,"Next 14 days") -> 0 | F10: =COUNTIFS(Events!$B$2:$B$400,$B10,Events!$I$2:$I$400,"<>Confirmed",Events!$A$2:$A$400,"<>") -> 1 | G10: =COUNTIFS(Events!$B$2:$B$400,$B10,Events!$T$2:$T$400,"Published") -> 0 | H10: =COUNTIFS(Events!$B$2:$B$400,$B10,Events!$T$2:$T$400,"Missing",Events!$A$2:$A$400,"<>") -> 4 | I10: =COUNTIFS(Events!$B$2:$B$400,$B10,Events!$U$2:$U$400,"Delivered") -> 0 | J10: =SUMIFS(Events!$X$2:$X$400,Events!$B$2:$B$400,$B10) -> 0 | K10: =SUMIFS(Events!$Y$2:$Y$400,Events!$B$2:$B$400,$B10) -> 0 | L10: =IF(J10>0,K10/J10,"-") -> - | M10: =IFERROR(AVERAGEIFS(Events!$AA$2:$AA$400,Events!$AA$2:$AA$400,">0",Events!$B$2:$B$400,$B10),"-") -> - | N10: =COUNTIFS(Events!$B$2:$B$400,$B10,Events!$AG$2:$AG$400,"?*") -> 0
B11: In-Person Events | C11: =COUNTIFS(Events!$B$2:$B$400,$B11) -> 12 | D11: =COUNTIFS(Events!$B$2:$B$400,$B11,Events!$AE$2:$AE$400,"<>Past",Events!$A$2:$A$400,"<>") -> 12 | E11: =COUNTIFS(Events!$B$2:$B$400,$B11,Events!$AE$2:$AE$400,"Next 14 days") -> 0 | F11: =COUNTIFS(Events!$B$2:$B$400,$B11,Events!$I$2:$I$400,"<>Confirmed",Events!$A$2:$A$400,"<>") -> 11 | G11: =COUNTIFS(Events!$B$2:$B$400,$B11,Events!$T$2:$T$400,"Published") -> 0 | H11: =COUNTIFS(Events!$B$2:$B$400,$B11,Events!$T$2:$T$400,"Missing",Events!$A$2:$A$400,"<>") -> 12 | I11: =COUNTIFS(Events!$B$2:$B$400,$B11,Events!$U$2:$U$400,"Delivered") -> 0 | J11: =SUMIFS(Events!$X$2:$X$400,Events!$B$2:$B$400,$B11) -> 0 | K11: =SUMIFS(Events!$Y$2:$Y$400,Events!$B$2:$B$400,$B11) -> 0 | L11: =IF(J11>0,K11/J11,"-") -> - | M11: =IFERROR(AVERAGEIFS(Events!$AA$2:$AA$400,Events!$AA$2:$AA$400,">0",Events!$B$2:$B$400,$B11),"-") -> - | N11: =COUNTIFS(Events!$B$2:$B$400,$B11,Events!$AG$2:$AG$400,"?*") -> 0
B12: Total | C12: =COUNTA(Events!$A$2:$A$400) -> 80 | D12: =COUNTIFS(Events!$A$2:$A$400,"<>",Events!$AE$2:$AE$400,"<>Past",Events!$A$2:$A$400,"<>") -> 75 | E12: =COUNTIFS(Events!$A$2:$A$400,"<>",Events!$AE$2:$AE$400,"Next 14 days") -> 5 | F12: =COUNTIFS(Events!$A$2:$A$400,"<>",Events!$I$2:$I$400,"<>Confirmed",Events!$A$2:$A$400,"<>") -> 12 | G12: =COUNTIFS(Events!$A$2:$A$400,"<>",Events!$T$2:$T$400,"Published") -> 33 | H12: =COUNTIFS(Events!$A$2:$A$400,"<>",Events!$T$2:$T$400,"Missing",Events!$A$2:$A$400,"<>") -> 47 | I12: =COUNTIFS(Events!$A$2:$A$400,"<>",Events!$U$2:$U$400,"Delivered") -> 3 | J12: =SUM(Events!$X$2:$X$400) -> 0 | K12: =SUM(Events!$Y$2:$Y$400) -> 0 | L12: =IF(J12>0,K12/J12,"-") -> - | M12: =IFERROR(AVERAGEIFS(Events!$AA$2:$AA$400,Events!$AA$2:$AA$400,">0"),"-") -> - | N12: =COUNTIFS(Events!$A$2:$A$400,"<>",Events!$AG$2:$AG$400,"?*") -> 7
B14: Status pipeline
C15: Planned | D15: Confirmed | E15: Registration Open | F15: Delivered | G15: Postponed | H15: Cancelled
B16: Events | C16: =COUNTIFS(Events!$U$2:$U$400,C$15) -> 37 | D16: =COUNTIFS(Events!$U$2:$U$400,D$15) -> 10 | E16: =COUNTIFS(Events!$U$2:$U$400,E$15) -> 30 | F16: =COUNTIFS(Events!$U$2:$U$400,F$15) -> 3 | G16: =COUNTIFS(Events!$U$2:$U$400,G$15) -> 0 | H16: =COUNTIFS(Events!$U$2:$U$400,H$15) -> 0
B19: Follow-up flags
B20: Update status | C20: =COUNTIFS(Events!$AG$2:$AG$400,B20) -> 2 | D20: Event date has passed but Event Status is not Delivered, Postponed or Cancelled
B21: Add link | C21: =COUNTIFS(Events!$AG$2:$AG$400,B21) -> 1 | D21: Event starts within 14 days (or is running) and has no registration link
B22: Announce | C22: =COUNTIFS(Events!$AG$2:$AG$400,B22) -> 4 | D22: Event starts within 14 days and the announcement is not Published yet

Sheet Guide
B2: How to use this tracker
B4: Source | C4: All 80 events were pulled from plans.classera.com on 1 Oct 2026 (PD plan, Accreditation calendar, Enrichment plan, Product Events, In-Person Events, Full Calendar).
B5: Column colors | C5: Navy headers = plan data from the site. Gold headers (light-yellow cells) = your tracking inputs. Grey headers = formulas, do not type over them.
B6: Daily follow-up | C6: Filter the Events sheet on Action Flag, or check the Follow-up flags block on the Summary sheet.
B7: Event Status | C7: Planned > Confirmed > Registration Open > Delivered. Use Postponed or Cancelled when needed. Past events stay flagged until you set a final status.
B8: Date Status | C8: "Day TBC" rows use the 1st of the month as Start Date and the month end as End Date until the day is confirmed. Update both dates and set Date Status to Confirmed.
B9: Registration Link | C9: Paste the course or short link. Link Status turns Published automatically. Keep it in sync with links.json on the plans site.
B10: Adding events | C10: Type in the first empty row under the table: it extends automatically and the formulas fill down. Use a new Event ID with the program prefix (PD-, ACC-, ENR-, PRD-, INP-).
B11: Dropdown options | C11: Edit the Lists sheet to change the options for Program, Event Status, Announcement Status, Date Status, Delivery Mode and Pricing.
B12: Dashboard | C12: Open the AY26-27 Events Dashboard and drop this file on it (or click Load tracker). It reads the Events sheet by column name, so keep the header names unchanged. Save a new version number each time (v2, v3...).
B13: Example row | C13: PD-S01 shows a complete row: confirmed date, published link and Registration Open status. Fill Owner, Registrations, Attendees and Satisfaction % after delivery.

Sheet Events
A1: Event ID | B1: Program | C1: Track | D1: Event Title (EN) | E1: Event Title (AR) | F1: Partner / Host | G1: Start Date | H1: End Date | I1: Date Status | J1: Month | K1: Semester | L1: Day | M1: Time (KSA) | N1: Audience | O1: Language | P1: Country / Location | Q1: Delivery Mode | R1: Pricing | S1: Registration Link | T1: Link Status | U1: Event Status | V1: Announcement Status | W1: Owner | X1: Registrations | Y1: Attendees | Z1: Attendance Rate | AA1: Satisfaction % | AB1: Next Action | AC1: Due Date | AD1: Notes | AE1: Timing | AF1: Days to Go | AG1: Action Flag
A2: PD-LW1 | B2: Professional Development | C2: Launch Webinar | D2: Launch Webinar 1: Creativity & Accreditation Plan | E2: الويبينار التعريفي الأول: الإبداع وخطة الاعتماد | F2: PS Training Unit | G2: 46293 | H2: 46293 | I2: Confirmed | J2: =IF(G2="","",DATE(YEAR(G2),MONTH(G2),1)) -> 46266 | K2: =IF(G2="","",IF(G2<DATE(2027,2,1),"Semester 1","Semester 2")) -> Semester 1 | L2: =IF(I2="Confirmed",TEXT(G2,"ddd"),"TBC") -> Mon | M2: 5:00 PM | N2: Teachers + School Leaders | P2: Online - Classera Innovation Platform | Q2: Online | S2: https://sh.classera.com/EPD | T2: =IF(TRIM(S2)="","Missing","Published") -> Published | U2: Delivered | V2: Published | W2: Serag | Z2: =IF(N(X2)>0,N(Y2)/X2,"") | AE2: =IF(G2="","",IF(H2<TODAY(),"Past",IF(G2<=TODAY(),"In progress",IF(G2-TODAY()<=14,"Next 14 days",IF(G2-TODAY()<=45,"Next 45 days","Later"))))) -> Past | AF2: =IF(G2="","",IF(H2<TODAY(),"",G2-TODAY())) | AG2: =IF(AND(AE2="Past",U2<>"Delivered",U2<>"Cancelled",U2<>"Postponed"),"Update status",IF(AND(T2="Missing",OR(AE2="In progress",AE2="Next 14 days")),"Add link",IF(AND(AE2="Next 14 days",V2<>"Published"),"Announce","")))
A3: PD-LW2 | B3: Professional Development | C3: Launch Webinar | D3: Launch Webinar 2: Enrichment Programs Plan | E3: الويبينار التعريفي الثاني: خطة البرامج الإثرائية | F3: PS Training Unit | G3: 46294 | H3: 46294 | I3: Confirmed | J3: =IF(G3="","",DATE(YEAR(G3),MONTH(G3),1)) -> 46266 | K3: =IF(G3="","",IF(G3<DATE(2027,2,1),"Semester 1","Semester 2")) -> Semester 1 | L3: =IF(I3="Confirmed",TEXT(G3,"ddd"),"TBC") -> Tue | M3: 10:00 AM | N3: Teachers + School Leaders | P3: Online - Classera Innovation Platform | Q3: Online | S3: https://sh.classera.com/Enrich | T3: =IF(TRIM(S3)="","Missing","Published") -> Published | U3: Delivered | V3: Published | W3: Serag | Z3: =IF(N(X3)>0,N(Y3)/X3,"") | AE3: =IF(G3="","",IF(H3<TODAY(),"Past",IF(G3<=TODAY(),"In progress",IF(G3-TODAY()<=14,"Next 14 days",IF(G3-TODAY()<=45,"Next 45 days","Later"))))) -> Past | AF3: =IF(G3="","",IF(H3<TODAY(),"",G3-TODAY())) | AG3: =IF(AND(AE3="Past",U3<>"Delivered",U3<>"Cancelled",U3<>"Postponed"),"Update status",IF(AND(T3="Missing",OR(AE3="In progress",AE3="Next 14 days")),"Add link",IF(AND(AE3="Next 14 days",V3<>"Published"),"Announce","")))
A4: PD-S01 | B4: Professional Development | C4: Classera LMS | D4: Academic Year Kickoff & Classera LMS Updates: New Features & Release Highlights | E4: انطلاقة العام الأكاديمي وتحديثات نظام كلاسيرا: المزايا الجديدة وأبرز الإصدارات | F4: Classera | G4: 46295 | H4: 46295 | I4: Confirmed | J4: =IF(G4="","",DATE(YEAR(G4),MONTH(G4),1)) -> 46266 | K4: =IF(G4="","",IF(G4<DATE(2027,2,1),"Semester 1","Semester 2")) -> Semester 1 | L4: =IF(I4="Confirmed",TEXT(G4,"ddd"),"TBC") -> Wed | M4: 5:00 PM | N4: All LMS Users | P4: Online - Classera Innovation Platform | Q4: Online | S4: https://sh.classera.com/v17unlocked | T4: =IF(TRIM(S4)="","Missing","Published") -> Published | U4: Delivered | V4: Published | W4: Serag | Z4: =IF(N(X4)>0,N(Y4)/X4,"") | AE4: =IF(G4="","",IF(H4<TODAY(),"Past",IF(G4<=TODAY(),"In progress",IF(G4-TODAY()<=14,"Next 14 days",IF(G4-TODAY()<=45,"Next 45 days","Later"))))) -> Past | AF4: =IF(G4="","",IF(H4<TODAY(),"",G4-TODAY())) | AG4: =IF(AND(AE4="Past",U4<>"Delivered",U4<>"Cancelled",U4<>"Postponed"),"Update status",IF(AND(T4="Missing",OR(AE4="In progress",AE4="Next 14 days")),"Add link",IF(AND(AE4="Next 14 days",V4<>"Published"),"Announce","")))
A5: PD-S02 | B5: Professional Development | C5: Intel SFI | D5: Intel Skills for Innovation (SFI) Webinar 1: AI Professional Development | E5: Intel Skills for Innovation: التطوير المهني في الذكاء الاصطناعي (1) | F5: Intel | G5: 46309 | H5: 46309 | I5: Confirmed | J5: =IF(G5="","",DATE(YEAR(G5),MONTH(G5),1)) -> 46296 | K5: =IF(G5="","",IF(G5<DATE(2027,2,1),"Semester 1","Semester 2")) -> Semester 1 | L5: =IF(I5="Confirmed",TEXT(G5,"ddd"),"TBC") -> Wed | M5: 5:00 PM | N5: Teachers | O5: English | P5: Online - Classera Innovation Platform | Q5: Online | T5: =IF(TRIM(S5)="","Missing","Published") -> Missing | U5: Confirmed | V5: Not started | Z5: =IF(N(X5)>0,N(Y5)/X5,"") | AE5: =IF(G5="","",IF(H5<TODAY(),"Past",IF(G5<=TODAY(),"In progress",IF(G5-TODAY()<=14,"Next 14 days",IF(G5-TODAY()<=45,"Next 45 days","Later"))))) -> Next 14 days | AF5: =IF(G5="","",IF(H5<TODAY(),"",G5-TODAY())) -> 13 | AG5: =IF(AND(AE5="Past",U5<>"Delivered",U5<>"Cancelled",U5<>"Postponed"),"Update status",IF(AND(T5="Missing",OR(AE5="In progress",AE5="Next 14 days")),"Add link",IF(AND(AE5="Next 14 days",V5<>"Published"),"Announce",""))) -> Add link
A6: PD-S03 | B6: Professional Development | C6: EdTech Partner | D6: From Explanation to Experiment: Transforming Science Teaching with Virtual Labs | E6: من الشرح إلى التجربة: تحويل تدريس العلوم بالمعامل الافتراضية | F6: Vlaby | G6: 46323 | H6: 46323 | I6: Confirmed | J6: =IF(G6="","",DATE(YEAR(G6),MONTH(G6),1)) -> 46296 | K6: =IF(G6="","",IF(G6<DATE(2027,2,1),"Semester 1","Semester 2")) -> Semester 1 | L6: =IF(I6="Confirmed",TEXT(G6,"ddd"),"TBC") -> Wed | M6: 5:00 PM | N6: Teachers & Supervisors | O6: Arabic | P6: Online - Classera Innovation Platform | Q6: Online | T6: =IF(TRIM(S6)="","Missing","Published") -> Missing | U6: Confirmed | V6: Not started | Z6: =IF(N(X6)>0,N(Y6)/X6,"") | AE6: =IF(G6="","",IF(H6<TODAY(),"Past",IF(G6<=TODAY(),"In progress",IF(G6-TODAY()<=14,"Next 14 days",IF(G6-TODAY()<=45,"Next 45 days","Later"))))) -> Next 45 days | AF6: =IF(G6="","",IF(H6<TODAY(),"",G6-TODAY())) -> 27 | AG6: =IF(AND(AE6="Past",U6<>"Delivered",U6<>"Cancelled",U6<>"Postponed"),"Update status",IF(AND(T6="Missing",OR(AE6="In progress",AE6="Next 14 days")),"Add link",IF(AND(AE6="Next 14 days",V6<>"Published"),"Announce","")))
A7: PD-S04 | B7: Professional Development | C7: EdTech Partner | D7: Empower Every Learner | E7: تمكين كل متعلم | F7: University Startup | G7: 46337 | H7: 46337 | I7: Confirmed | J7: =IF(G7="","",DATE(YEAR(G7),MONTH(G7),1)) -> 46327 | K7: =IF(G7="","",IF(G7<DATE(2027,2,1),"Semester 1","Semester 2")) -> Semester 1 | L7: =IF(I7="Confirmed",TEXT(G7,"ddd"),"TBC") -> Wed | M7: 5:00 PM | N7: Teachers & Supervisors | O7: English | P7: Online - Classera Innovation Platform | Q7: Online | T7: =IF(TRIM(S7)="","Missing","Published") -> Missing | U7: Confirmed | V7: Not started | Z7: =IF(N(X7)>0,N(Y7)/X7,"") | AE7: =IF(G7="","",IF(H7<TODAY(),"Past",IF(G7<=TODAY(),"In progress",IF(G7-TODAY()<=14,"Next 14 days",IF(G7-TODAY()<=45,"Next 45 days","Later"))))) -> Next 45 days | AF7: =IF(G7="","",IF(H7<TODAY(),"",G7-TODAY())) -> 41 | AG7: =IF(AND(AE7="Past",U7<>"Delivered",U7<>"Cancelled",U7<>"Postponed"),"Update status",IF(AND(T7="Missing",OR(AE7="In progress",AE7="Next 14 days")),"Add link",IF(AND(AE7="Next 14 days",V7<>"Published"),"Announce","")))
A8: PD-S05 | B8: Professional Development | C8: Intel SFI | D8: Intel Skills for Innovation (SFI) Webinar 2: AI Professional Development | E8: Intel Skills for Innovation: التطوير المهني في الذكاء الاصطناعي (2) | F8: Intel | G8: 46365 | H8: 46365 | I8: Confirmed | J8: =IF(G8="","",DATE(YEAR(G8),MONTH(G8),1)) -> 46357 | K8: =IF(G8="","",IF(G8<DATE(2027,2,1),"Semester 1","Semester 2")) -> Semester 1 | L8: =IF(I8="Confirmed",TEXT(G8,"ddd"),"TBC") -> Wed | M8: 5:00 PM | N8: Teachers | O8: English | P8: Online - Classera Innovation Platform | Q8: Online | T8: =IF(TRIM(S8)="","Missing","Published") -> Missing | U8: Confirmed | V8: Not started | Z8: =IF(N(X8)>0,N(Y8)/X8,"") | AE8: =IF(G8="","",IF(H8<TODAY(),"Past",IF(G8<=TODAY(),"In progress",IF(G8-TODAY()<=14,"Next 14 days",IF(G8-TODAY()<=45,"Next 45 days","Later"))))) -> Later | AF8: =IF(G8="","",IF(H8<TODAY(),"",G8-TODAY())) -> 69 | AG8: =IF(AND(AE8="Past",U8<>"Delivered",U8<>"Cancelled",U8<>"Postponed"),"Update status",IF(AND(T8="Missing",OR(AE8="In progress",AE8="Next 14 days")),"Add link",IF(AND(AE8="Next 14 days",V8<>"Published"),"Announce","")))
A9: PD-S06 | B9: Professional Development | C9: EdTech Partner | D9: How do AI-powered solutions measure adaptive-learning outcomes? | E9: كيف تقيس الحلول المدعومة بالذكاء الاصطناعي مخرجات التعلم التكيفي؟ | F9: AILA | G9: 46379 | H9: 46379 | I9: Confirmed | J9: =IF(G9="","",DATE(YEAR(G9),MONTH(G9),1)) -> 46357 | K9: =IF(G9="","",IF(G9<DATE(2027,2,1),"Semester 1","Semester 2")) -> Semester 1 | L9: =IF(I9="Confirmed",TEXT(G9,"ddd"),"TBC") -> Wed | M9: 5:00 PM | N9: Teachers & Supervisors | O9: Arabic | P9: Online - Classera Innovation Platform | Q9: Online | T9: =IF(TRIM(S9)="","Missing","Published") -> Missing | U9: Confirmed | V9: Not started | Z9: =IF(N(X9)>0,N(Y9)/X9,"") | AE9: =IF(G9="","",IF(H9<TODAY(),"Past",IF(G9<=TODAY(),"In progress",IF(G9-TODAY()<=14,"Next 14 days",IF(G9-TODAY()<=45,"Next 45 days","Later"))))) -> Later | AF9: =IF(G9="","",IF(H9<TODAY(),"",G9-TODAY())) -> 83 | AG9: =IF(AND(AE9="Past",U9<>"Delivered",U9<>"Cancelled",U9<>"Postponed"),"Update status",IF(AND(T9="Missing",OR(AE9="In progress",AE9="Next 14 days")),"Add link",IF(AND(AE9="Next 14 days",V9<>"Published"),"Announce","")))
A10: PD-S07 | B10: Professional Development | C10: Intel SFI | D10: Intel Skills for Innovation (SFI) Webinar 3: AI Professional Development | E10: Intel Skills for Innovation: التطوير المهني في الذكاء الاصطناعي (3) | F10: Intel | G10: 46463 | H10: 46463 | I10: Confirmed | J10: =IF(G10="","",DATE(YEAR(G10),MONTH(G10),1)) -> 46447 | K10: =IF(G10="","",IF(G10<DATE(2027,2,1),"Semester 1","Semester 2")) -> Semester 2 | L10: =IF(I10="Confirmed",TEXT(G10,"ddd"),"TBC") -> Wed | M10: 5:00 PM | N10: Teachers | O10: English | P10: Online - Classera Innovation Platform | Q10: Online | T10: =IF(TRIM(S10)="","Missing","Published") -> Missing | U10: Confirmed | V10: Not started | Z10: =IF(N(X10)>0,N(Y10)/X10,"") | AE10: =IF(G10="","",IF(H10<TODAY(),"Past",IF(G10<=TODAY(),"In progress",IF(G10-TODAY()<=14,"Next 14 days",IF(G10-TODAY()<=45,"Next 45 days","Later"))))) -> Later | AF10: =IF(G10="","",IF(H10<TODAY(),"",G10-TODAY())) -> 167 | AG10: =IF(AND(AE10="Past",U10<>"Delivered",U10<>"Cancelled",U10<>"Postponed"),"Update status",IF(AND(T10="Missing",OR(AE10="In progress",AE10="Next 14 days")),"Add link",IF(AND(AE10="Next 14 days",V10<>"Published"),"Announce","")))
A11: PD-S08 | B11: Professional Development | C11: Classera LMS | D11: Classera LMS Updates | E11: تحديثات نظام كلاسيرا | F11: Classera Product Team | G11: 46477 | H11: 46477 | I11: Confirmed | J11: =IF(G11="","",DATE(YEAR(G11),MONTH(G11),1)) -> 46447 | K11: =IF(G11="","",IF(G11<DATE(2027,2,1),"Semester 1","Semester 2")) -> Semester 2 | L11: =IF(I11="Confirmed",TEXT(G11,"ddd"),"TBC") -> Wed | M11: 5:00 PM | N11: All LMS Users | O11: Arabic | P11: Online - Classera Innovation Platform | Q11: Online | T11: =IF(TRIM(S11)="","Missing","Published") -> Missing | U11: Confirmed | V11: Not started | Z11: =IF(N(X11)>0,N(Y11)/X11,"") | AE11: =IF(G11="","",IF(H11<TODAY(),"Past",IF(G11<=TODAY(),"In progress",IF(G11-TODAY()<=14,"Next 14 days",IF(G11-TODAY()<=45,"Next 45 days","Later"))))) -> Later | AF11: =IF(G11="","",IF(H11<TODAY(),"",G11-TODAY())) -> 181 | AG11: =IF(AND(AE11="Past",U11<>"Delivered",U11<>"Cancelled",U11<>"Postponed"),"Update status",IF(AND(T11="Missing",OR(AE11="In progress",AE11="Next 14 days")),"Add link",IF(AND(AE11="Next 14 days",V11<>"Published"),"Announce","")))
A12: PD-S09 | B12: Professional Development | C12: EdTech Partner | D12: Technology in Education Webinar Series: Session 4 | E12: سلسلة تقنيات التعليم: الجلسة الرابعة | F12: TBC | G12: 46484 | H12: 46484 | I12: Confirmed | J12: =IF(G12="","",DATE(YEAR(G12),MONTH(G12),1)) -> 46478 | K12: =IF(G12="","",IF(G12<DATE(2027,2,1),"Semester 1","Semester 2")) -> Semester 2 | L12: =IF(I12="Confirmed",TEXT(G12,"ddd"),"TBC") -> Wed | M12: 5:00 PM | N12: Teachers & Supervisors | P12: Online - Classera Innovation Platform | Q12: Online | T12: =IF(TRIM(S12)="","Missing","Published") -> Missing | U12: Confirmed | V12: Not started | Z12: =IF(N(X12)>0,N(Y12)/X12,"") | AE12: =IF(G12="","",IF(H12<TODAY(),"Past",IF(G12<=TODAY(),"In progress",IF(G12-TODAY()<=14,"Next 14 days",IF(G12-TODAY()<=45,"Next 45 days","Later"))))) -> Later | AF12: =IF(G12="","",IF(H12<TODAY(),"",G12-TODAY())) -> 188 | AG12: =IF(AND(AE12="Past",U12<>"Delivered",U12<>"Cancelled",U12<>"Postponed"),"Update status",IF(AND(T12="Missing",OR(AE12="In progress",AE12="Next 14 days")),"Add link",IF(AND(AE12="Next 14 days",V12<>"Published"),"Announce","")))
A13: PD-S10 | B13: Professional Development | C13: EdTech Partner | D13: Technology in Education Webinar Series: Session 5 | E13: سلسلة تقنيات التعليم: الجلسة الخامسة | F13: TBC | G13: 46498 | H13: 46498 | I13: Confirmed | J13: =IF(G13="","",DATE(YEAR(G13),MONTH(G13),1)) -> 46478 | K13: =IF(G13="","",IF(G13<DATE(2027,2,1),"Semester 1","Semester 2")) -> Semester 2 | L13: =IF(I13="Confirmed",TEXT(G13,"ddd"),"TBC") -> Wed | M13: 5:00 PM | N13: Teachers & Supervisors | P13: Online - Classera Innovation Platform | Q13: Online | T13: =IF(TRIM(S13)="","Missing","Published") -> Missing | U13: Confirmed | V13: Not started | Z13: =IF(N(X13)>0,N(Y13)/X13,"") | AE13: =IF(G13="","",IF(H13<TODAY(),"Past",IF(G13<=TODAY(),"In progress",IF(G13-TODAY()<=14,"Next 14 days",IF(G13-TODAY()<=45,"Next 45 days","Later"))))) -> Later | AF13: =IF(G13="","",IF(H13<TODAY(),"",G13-TODAY())) -> 202 | AG13: =IF(AND(AE13="Past",U13<>"Delivered",U13<>"Cancelled",U13<>"Postponed"),"Update status",IF(AND(T13="Missing",OR(AE13="In progress",AE13="Next 14 days")),"Add link",IF(AND(AE13="Next 14 days",V13<>"Published"),"Announce","")))
A14: PD-S11 | B14: Professional Development | C14: EdTech Partner | D14: Technology in Education Webinar Series: Session 6 | E14: سلسلة تقنيات التعليم: الجلسة السادسة | F14: TBC | G14: 46512 | H14: 46512 | I14: Confirmed | J14: =IF(G14="","",DATE(YEAR(G14),MONTH(G14),1)) -> 46508 | K14: =IF(G14="","",IF(G14<DATE(2027,2,1),"Semester 1","Semester 2")) -> Semester 2 | L14: =IF(I14="Confirmed",TEXT(G14,"ddd"),"TBC") -> Wed | M14: 5:00 PM | N14: Teachers & Supervisors | P14: Online - Classera Innovation Platform | Q14: Online | T14: =IF(TRIM(S14)="","Missing","Published") -> Missing | U14: Confirmed | V14: Not started | Z14: =IF(N(X14)>0,N(Y14)/X14,"") | AE14: =IF(G14="","",IF(H14<TODAY(),"Past",IF(G14<=TODAY(),"In progress",IF(G14-TODAY()<=14,"Next 14 days",IF(G14-TODAY()<=45,"Next 45 days","Later"))))) -> Later | AF14: =IF(G14="","",IF(H14<TODAY(),"",G14-TODAY())) -> 216 | AG14: =IF(AND(AE14="Past",U14<>"Delivered",U14<>"Cancelled",U14<>"Postponed"),"Update status",IF(AND(T14="Missing",OR(AE14="In progress",AE14="Next 14 days")),"Add link",IF(AND(AE14="Next 14 days",V14<>"Published"),"Announce","")))
A15: ACC-01 | B15: Accreditation | C15: Exam Window | D15: Accreditation Exam Window: September 2026 (Period 1) | E15: فترة اختبارات الاعتماد: سبتمبر 2026 (الفترة 1) | F15: Classera & Intel | G15: 46286 | H15: 46292 | I15: Confirmed | J15: =IF(G15="","",DATE(YEAR(G15),MONTH(G15),1)) -> 46266 | K15: =IF(G15="","",IF(G15<DATE(2027,2,1),"Semester 1","Semester 2")) -> Semester 1 | L15: =IF(I15="Confirmed",TEXT(G15,"ddd"),"TBC") -> Mon | N15: Educators (Teachers, School Leaders, System Managers) | P15: Online - Accreditation Platform | Q15: Online | S15: https://accreditation.classera.com/ | T15: =IF(TRIM(S15)="","Missing","Published") -> Published | U15: Registration Open | V15: Not started | Z15: =IF(N(X15)>0,N(Y15)/X15,"") | AE15: =IF(G15="","",IF(H15<TODAY(),"Past",IF(G15<=TODAY(),"In progress",IF(G15-TODAY()<=14,"Next 14 days",IF(G15-TODAY()<=45,"Next 45 days","Later"))))) -> Past | AF15: =IF(G15="","",IF(H15<TODAY(),"",G15-TODAY())) | AG15: =IF(AND(AE15="Past",U15<>"Delivered",U15<>"Cancelled",U15<>"Postponed"),"Update status",IF(AND(T15="Missing",OR(AE15="In progress",AE15="Next 14 days")),"Add link",IF(AND(AE15="Next 14 days",V15<>"Published"),"Announce",""))) -> Update status
A16: ACC-02 | B16: Accreditation | C16: Exam Window | D16: Accreditation Exam Window: October 2026 (Period 1) | E16: فترة اختبارات الاعتماد: أكتوبر 2026 (الفترة 1) | F16: Classera & Intel | G16: 46300 | H16: 46306 | I16: Confirmed | J16: =IF(G16="","",DATE(YEAR(G16),MONTH(G16),1)) -> 46296 | K16: =IF(G16="","",IF(G16<DATE(2027,2,1),"Semester 1","Semester 2")) -> Semester 1 | L16: =IF(I16="Confirmed",TEXT(G16,"ddd"),"TBC") -> Mon | N16: Educators (Teachers, School Leaders, System Managers) | P16: Online - Accreditation Platform | Q16: Online | S16: https://accreditation.classera.com/ | T16: =IF(TRIM(S16)="","Missing","Published") -> Published | U16: Registration Open | V16: Not started | Z16: =IF(N(X16)>0,N(Y16)/X16,"") | AE16: =IF(G16="","",IF(H16<TODAY(),"Past",IF(G16<=TODAY(),"In progress",IF(G16-TODAY()<=14,"Next 14 days",IF(G16-TODAY()<=45,"Next 45 days","Later"))))) -> Next 14 days | AF16: =IF(G16="","",IF(H16<TODAY(),"",G16-TODAY())) -> 4 | AG16: =IF(AND(AE16="Past",U16<>"Delivered",U16<>"Cancelled",U16<>"Postponed"),"Update status",IF(AND(T16="Missing",OR(AE16="In progress",AE16="Next 14 days")),"Add link",IF(AND(AE16="Next 14 days",V16<>"Published"),"Announce",""))) -> Announce
A17: ACC-03 | B17: Accreditation | C17: Exam Window | D17: Accreditation Exam Window: October 2026 (Period 2) | E17: فترة اختبارات الاعتماد: أكتوبر 2026 (الفترة 2) | F17: Classera & Intel | G17: 46314 | H17: 46320 | I17: Confirmed | J17: =IF(G17="","",DATE(YEAR(G17),MONTH(G17),1)) -> 46296 | K17: =IF(G17="","",IF(G17<DATE(2027,2,1),"Semester 1","Semester 2")) -> Semester 1 | L17: =IF(I17="Confirmed",TEXT(G17,"ddd"),"TBC") -> Mon | N17: Educators (Teachers, School Leaders, System Managers) | P17: Online - Accreditation Platform | Q17: Online | S17: https://accreditation.classera.com/ | T17: =IF(TRIM(S17)="","Missing","Published") -> Published | U17: Registration Open | V17: Not started | Z17: =IF(N(X17)>0,N(Y17)/X17,"") | AE17: =IF(G17="","",IF(H17<TODAY(),"Past",IF(G17<=TODAY(),"In progress",IF(G17-TODAY()<=14,"Next 14 days",IF(G17-TODAY()<=45,"Next 45 days","Later"))))) -> Next 45 days | AF17: =IF(G17="","",IF(H17<TODAY(),"",G17-TODAY())) -> 18 | AG17: =IF(AND(AE17="Past",U17<>"Delivered",U17<>"Cancelled",U17<>"Postponed"),"Update status",IF(AND(T17="Missing",OR(AE17="In progress",AE17="Next 14 days")),"Add link",IF(AND(AE17="Next 14 days",V17<>"Published"),"Announce","")))
A18: ACC-04 | B18: Accreditation | C18: Exam Window | D18: Accreditation Exam Window: November 2026 (Period 1) | E18: فترة اختبارات الاعتماد: نوفمبر 2026 (الفترة 1) | F18: Classera & Intel | G18: 46335 | H18: 46341 | I18: Confirmed | J18: =IF(G18="","",DATE(YEAR(G18),MONTH(G18),1)) -> 46327 | K18: =IF(G18="","",IF(G18<DATE(2027,2,1),"Semester 1","Semester 2")) -> Semester 1 | L18: =IF(I18="Confirmed",TEXT(G18,"ddd"),"TBC") -> Mon | N18: Educators (Teachers, School Leaders, System Managers) | P18: Online - Accreditation Platform | Q18: Online | S18: https://accreditation.classera.com/ | T18: =IF(TRIM(S18)="","Missing","Published") -> Published | U18: Registration Open | V18: Not started | Z18: =IF(N(X18)>0,N(Y18)/X18,"") | AE18: =IF(G18="","",IF(H18<TODAY(),"Past",IF(G18<=TODAY(),"In progress",IF(G18-TODAY()<=14,"Next 14 days",IF(G18-TODAY()<=45,"Next 45 days","Later"))))) -> Next 45 days | AF18: =IF(G18="","",IF(H18<TODAY(),"",G18-TODAY())) -> 39 | AG18: =IF(AND(AE18="Past",U18<>"Delivered",U18<>"Cancelled",U18<>"Postponed"),"Update status",IF(AND(T18="Missing",OR(AE18="In progress",AE18="Next 14 days")),"Add link",IF(AND(AE18="Next 14 days",V18<>"Published"),"Announce","")))
A19: ACC-05 | B19: Accreditation | C19: Exam Window | D19: Accreditation Exam Window: November 2026 (Period 2) | E19: فترة اختبارات الاعتماد: نوفمبر 2026 (الفترة 2) | F19: Classera & Intel | G19: 46349 | H19: 46355 | I19: Confirmed | J19: =IF(G19="","",DATE(YEAR(G19),MONTH(G19),1)) -> 46327 | K19: =IF(G19="","",IF(G19<DATE(2027,2,1),"Semester 1","Semester 2")) -> Semester 1 | L19: =IF(I19="Confirmed",TEXT(G19,"ddd"),"TBC") -> Mon | N19: Educators (Teachers, School Leaders, System Managers) | P19: Online - Accreditation Platform | Q19: Online | S19: https://accreditation.classera.com/ | T19: =IF(TRIM(S19)="","Missing","Published") -> Published | U19: Registration Open | V19: Not started | Z19: =IF(N(X19)>0,N(Y19)/X19,"") | AE19: =IF(G19="","",IF(H19<TODAY(),"Past",IF(G19<=TODAY(),"In progress",IF(G19-TODAY()<=14,"Next 14 days",IF(G19-TODAY()<=45,"Next 45 days","Later"))))) -> Later | AF19: =IF(G19="","",IF(H19<TODAY(),"",G19-TODAY())) -> 53 | AG19: =IF(AND(AE19="Past",U19<>"Delivered",U19<>"Cancelled",U19<>"Postponed"),"Update status",IF(AND(T19="Missing",OR(AE19="In progress",AE19="Next 14 days")),"Add link",IF(AND(AE19="Next 14 days",V19<>"Published"),"Announce","")))
A20: ACC-06 | B20: Accreditation | C20: Exam Window | D20: Accreditation Exam Window: December 2026 (Period 1) | E20: فترة اختبارات الاعتماد: ديسمبر 2026 (الفترة 1) | F20: Classera & Intel | G20: 46363 | H20: 46369 | I20: Confirmed | J20: =IF(G20="","",DATE(YEAR(G20),MONTH(G20),1)) -> 46357 | K20: =IF(G20="","",IF(G20<DATE(2027,2,1),"Semester 1","Semester 2")) -> Semester 1 | L20: =IF(I20="Confirmed",TEXT(G20,"ddd"),"TBC") -> Mon | N20: Educators (Teachers, School Leaders, System Managers) | P20: Online - Accreditation Platform | Q20: Online | S20: https://accreditation.classera.com/ | T20: =IF(TRIM(S20)="","Missing","Published") -> Published | U20: Registration Open | V20: Not started | Z20: =IF(N(X20)>0,N(Y20)/X20,"") | AE20: =IF(G20="","",IF(H20<TODAY(),"Past",IF(G20<=TODAY(),"In progress",IF(G20-TODAY()<=14,"Next 14 days",IF(G20-TODAY()<=45,"Next 45 days","Later"))))) -> Later | AF20: =IF(G20="","",IF(H20<TODAY(),"",G20-TODAY())) -> 67 | AG20: =IF(AND(AE20="Past",U20<>"Delivered",U20<>"Cancelled",U20<>"Postponed"),"Update status",IF(AND(T20="Missing",OR(AE20="In progress",AE20="Next 14 days")),"Add link",IF(AND(AE20="Next 14 days",V20<>"Published"),"Announce","")))
A21: ACC-07 | B21: Accreditation | C21: Exam Window | D21: Accreditation Exam Window: December 2026 (Period 2) | E21: فترة اختبارات الاعتماد: ديسمبر 2026 (الفترة 2) | F21: Classera & Intel | G21: 46377 | H21: 46383 | I21: Confirmed | J21: =IF(G21="","",DATE(YEAR(G21),MONTH(G21),1)) -> 46357 | K21: =IF(G21="","",IF(G21<DATE(2027,2,1),"Semester 1","Semester 2")) -> Semester 1 | L21: =IF(I21="Confirmed",TEXT(G21,"ddd"),"TBC") -> Mon | N21: Educators (Teachers, School Leaders, System Managers) | P21: Online - Accreditation Platform | Q21: Online | S21: https://accreditation.classera.com/ | T21: =IF(TRIM(S21)="","Missing","Published") -> Published | U21: Registration Open | V21: Not started | Z21: =IF(N(X21)>0,N(Y21)/X21,"") | AE21: =IF(G21="","",IF(H21<TODAY(),"Past",IF(G21<=TODAY(),"In progress",IF(G21-TODAY()<=14,"Next 14 days",IF(G21-TODAY()<=45,"Next 45 days","Later"))))) -> Later | AF21: =IF(G21="","",IF(H21<TODAY(),"",G21-TODAY())) -> 81 | AG21: =IF(AND(AE21="Past",U21<>"Delivered",U21<>"Cancelled",U21<>"Postponed"),"Update status",IF(AND(T21="Missing",OR(AE21="In progress",AE21="Next 14 days")),"Add link",IF(AND(AE21="Next 14 days",V21<>"Published"),"Announce","")))
A22: ACC-08 | B22: Accreditation | C22: Exam Window | D22: Accreditation Exam Window: January 2027 (Period 1) | E22: فترة اختبارات الاعتماد: يناير 2027 (الفترة 1) | F22: Classera & Intel | G22: 46391 | H22: 46397 | I22: Confirmed | J22: =IF(G22="","",DATE(YEAR(G22),MONTH(G22),1)) -> 46388 | K22: =IF(G22="","",IF(G22<DATE(2027,2,1),"Semester 1","Semester 2")) -> Semester 1 | L22: =IF(I22="Confirmed",TEXT(G22,"ddd"),"TBC") -> Mon | N22: Educators (Teachers, School Leaders, System Managers) | P22: Online - Accreditation Platform | Q22: Online | S22: https://accreditation.classera.com/ | T22: =IF(TRIM(S22)="","Missing","Published") -> Published | U22: Registration Open | V22: Not started | Z22: =IF(N(X22)>0,N(Y22)/X22,"") | AE22: =IF(G22="","",IF(H22<TODAY(),"Past",IF(G22<=TODAY(),"In progress",IF(G22-TODAY()<=14,"Next 14 days",IF(G22-TODAY()<=45,"Next 45 days","Later"))))) -> Later | AF22: =IF(G22="","",IF(H22<TODAY(),"",G22-TODAY())) -> 95 | AG22: =IF(AND(AE22="Past",U22<>"Delivered",U22<>"Cancelled",U22<>"Postponed"),"Update status",IF(AND(T22="Missing",OR(AE22="In progress",AE22="Next 14 days")),"Add link",IF(AND(AE22="Next 14 days",V22<>"Published"),"Announce","")))
A23: ACC-09 | B23: Accreditation | C23: Exam Window | D23: Accreditation Exam Window: January 2027 (Period 2) | E23: فترة اختبارات الاعتماد: يناير 2027 (الفترة 2) | F23: Classera & Intel | G23: 46405 | H23: 46411 | I23: Confirmed | J23: =IF(G23="","",DATE(YEAR(G23),MONTH(G23),1)) -> 46388 | K23: =IF(G23="","",IF(G23<DATE(2027,2,1),"Semester 1","Semester 2")) -> Semester 1 | L23: =IF(I23="Confirmed",TEXT(G23,"ddd"),"TBC") -> Mon | N23: Educators (Teachers, School Leaders, System Managers) | P23: Online - Accreditation Platform | Q23: Online | S23: https://accreditation.classera.com/ | T23: =IF(TRIM(S23)="","Missing","Published") -> Published | U23: Registration Open | V23: Not started | Z23: =IF(N(X23)>0,N(Y23)/X23,"") | AE23: =IF(G23="","",IF(H23<TODAY(),"Past",IF(G23<=TODAY(),"In progress",IF(G23-TODAY()<=14,"Next 14 days",IF(G23-TODAY()<=45,"Next 45 days","Later"))))) -> Later | AF23: =IF(G23="","",IF(H23<TODAY(),"",G23-TODAY())) -> 109 | AG23: =IF(AND(AE23="Past",U23<>"Delivered",U23<>"Cancelled",U23<>"Postponed"),"Update status",IF(AND(T23="Missing",OR(AE23="In progress",AE23="Next 14 days")),"Add link",IF(AND(AE23="Next 14 days",V23<>"Published"),"Announce","")))
A24: ACC-10 | B24: Accreditation | C24: Exam Window | D24: Accreditation Exam Window: February 2027 (Period 1) | E24: فترة اختبارات الاعتماد: فبراير 2027 (الفترة 1) | F24: Classera & Intel | G24: 46426 | H24: 46432 | I24: Confirmed | J24: =IF(G24="","",DATE(YEAR(G24),MONTH(G24),1)) -> 46419 | K24: =IF(G24="","",IF(G24<DATE(2027,2,1),"Semester 1","Semester 2")) -> Semester 2 | L24: =IF(I24="Confirmed",TEXT(G24,"ddd"),"TBC") -> Mon | N24: Educators (Teachers, School Leaders, System Managers) | P24: Online - Accreditation Platform | Q24: Online | S24: https://accreditation.classera.com/ | T24: =IF(TRIM(S24)="","Missing","Published") -> Published | U24: Registration Open | V24: Not started | Z24: =IF(N(X24)>0,N(Y24)/X24,"") | AE24: =IF(G24="","",IF(H24<TODAY(),"Past",IF(G24<=TODAY(),"In progress",IF(G24-TODAY()<=14,"Next 14 days",IF(G24-TODAY()<=45,"Next 45 days","Later"))))) -> Later | AF24: =IF(G24="","",IF(H24<TODAY(),"",G24-TODAY())) -> 130 | AG24: =IF(AND(AE24="Past",U24<>"Delivered",U24<>"Cancelled",U24<>"Postponed"),"Update status",IF(AND(T24="Missing",OR(AE24="In progress",AE24="Next 14 days")),"Add link",IF(AND(AE24="Next 14 days",V24<>"Published"),"Announce","")))
A25: ACC-11 | B25: Accreditation | C25: Exam Window | D25: Accreditation Exam Window: February 2027 (Period 2) | E25: فترة اختبارات الاعتماد: فبراير 2027 (الفترة 2) | F25: Classera & Intel | G25: 46440 | H25: 46446 | I25: Confirmed | J25: =IF(G25="","",DATE(YEAR(G25),MONTH(G25),1)) -> 46419 | K25: =IF(G25="","",IF(G25<DATE(2027,2,1),"Semester 1","Semester 2")) -> Semester 2 | L25: =IF(I25="Confirmed",TEXT(G25,"ddd"),"TBC") -> Mon | N25: Educators (Teachers, School Leaders, System Managers) | P25: Online - Accreditation Platform | Q25: Online | S25: https://accreditation.classera.com/ | T25: =IF(TRIM(S25)="","Missing","Published") -> Published | U25: Registration Open | V25: Not started | Z25: =IF(N(X25)>0,N(Y25)/X25,"") | AE25: =IF(G25="","",IF(H25<TODAY(),"Past",IF(G25<=TODAY(),"In progress",IF(G25-TODAY()<=14,"Next 14 days",IF(G25-TODAY()<=45,"Next 45 days","Later"))))) -> Later | AF25: =IF(G25="","",IF(H25<TODAY(),"",G25-TODAY())) -> 144 | AG25: =IF(AND(AE25="Past",U25<>"Delivered",U25<>"Cancelled",U25<>"Postponed"),"Update status",IF(AND(T25="Missing",OR(AE25="In progress",AE25="Next 14 days")),"Add link",IF(AND(AE25="Next 14 days",V25<>"Published"),"Announce","")))
A26: ACC-12 | B26: Accreditation | C26: Exam Window | D26: Accreditation Exam Window: March 2027 (Period 1) | E26: فترة اختبارات الاعتماد: مارس 2027 (الفترة 1) | F26: Classera & Intel | G26: 46454 | H26: 46460 | I26: Confirmed | J26: =IF(G26="","",DATE(YEAR(G26),MONTH(G26),1)) -> 46447 | K26: =IF(G26="","",IF(G26<DATE(2027,2,1),"Semester 1","Semester 2")) -> Semester 2 | L26: =IF(I26="Confirmed",TEXT(G26,"ddd"),"TBC") -> Mon | N26: Educators (Teachers, School Leaders, System Managers) | P26: Online - Accreditation Platform | Q26: Online | S26: https://accreditation.classera.com/ | T26: =IF(TRIM(S26)="","Missing","Published") -> Published | U26: Registration Open | V26: Not started | Z26: =IF(N(X26)>0,N(Y26)/X26,"") | AE26: =IF(G26="","",IF(H26<TODAY(),"Past",IF(G26<=TODAY(),"In progress",IF(G26-TODAY()<=14,"Next 14 days",IF(G26-TODAY()<=45,"Next 45 days","Later"))))) -> Later | AF26: =IF(G26="","",IF(H26<TODAY(),"",G26-TODAY())) -> 158 | AG26: =IF(AND(AE26="Past",U26<>"Delivered",U26<>"Cancelled",U26<>"Postponed"),"Update status",IF(AND(T26="Missing",OR(AE26="In progress",AE26="Next 14 days")),"Add link",IF(AND(AE26="Next 14 days",V26<>"Published"),"Announce","")))
... A33: ACC-19 | B33: Accreditation | C33: Exam Window | D33: Accreditation Exam Window: June 2027 (Period 2) | E33: فترة اختبارات الاعتماد: يونيو 2027 (الفترة 2) | F33: Classera & Intel | G33: 46559 | H33: 46565 | I33: Confirmed | J33: =IF(G33="","",DATE(YEAR(G33),MONTH(G33),1)) -> 46539 | K33: =IF(G33="","",IF(G33<DATE(2027,2,1),"Semester 1","Semester 2")) -> Semester 2 | L33: =IF(I33="Confirmed",TEXT(G33,"ddd"),"TBC") -> Mon | N33: Educators (Teachers, School Leaders, System Managers) | P33: Online - Accreditation Platform | Q33: Online | S33: https://accreditation.classera.com/ | T33: =IF(TRIM(S33)="","Missing","Published") -> Published | U33: Registration Open | V33: Not started | Z33: =IF(N(X33)>0,N(Y33)/X33,"") | AE33: =IF(G33="","",IF(H33<TODAY(),"Past",IF(G33<=TODAY(),"In progress",IF(G33-TODAY()<=14,"Next 14 days",IF(G33-TODAY()<=45,"Next 45 days","Later"))))) -> Later | AF33: =IF(G33="","",IF(H33<TODAY(),"",G33-TODAY())) -> 263 | AG33: =IF(AND(AE33="Past",U33<>"Delivered",U33<>"Cancelled",U33<>"Postponed"),"Update status",IF(AND(T33="Missing",OR(AE33="In progress",AE33="Next 14 days")),"Add link",IF(AND(AE33="Next 14 days",V33<>"Published"),"Announce","")))
A34: ENR-01 | B34: Enrichment Academy | C34: National & Awareness | D34: Saudi National Day Activities | E34: فعاليات اليوم الوطني | F34: Enrichment Academy | G34: 46286 | H34: 46286 | I34: Confirmed | J34: =IF(G34="","",DATE(YEAR(G34),MONTH(G34),1)) -> 46266 | K34: =IF(G34="","",IF(G34<DATE(2027,2,1),"Semester 1","Semester 2")) -> Semester 1 | L34: =IF(I34="Confirmed",TEXT(G34,"ddd"),"TBC") -> Mon | N34: All grades | P34: Saudi Arabia | Q34: Online | R34: Free | S34: https://sh.classera.com/NationalDay | T34: =IF(TRIM(S34)="","Missing","Published") -> Published | U34: Registration Open | V34: Not started | Z34: =IF(N(X34)>0,N(Y34)/X34,"") | AE34: =IF(G34="","",IF(H34<TODAY(),"Past",IF(G34<=TODAY(),"In progress",IF(G34-TODAY()<=14,"Next 14 days",IF(G34-TODAY()<=45,"Next 45 days","Later"))))) -> Past | AF34: =IF(G34="","",IF(H34<TODAY(),"",G34-TODAY())) | AG34: =IF(AND(AE34="Past",U34<>"Delivered",U34<>"Cancelled",U34<>"Postponed"),"Update status",IF(AND(T34="Missing",OR(AE34="In progress",AE34="Next 14 days")),"Add link",IF(AND(AE34="Next 14 days",V34<>"Published"),"Announce",""))) -> Update status
A35: ENR-02 | B35: Enrichment Academy | C35: National & Awareness | D35: World Teachers' Day | E35: يوم المعلم | F35: Enrichment Academy | G35: 46300 | H35: 46300 | I35: Confirmed | J35: =IF(G35="","",DATE(YEAR(G35),MONTH(G35),1)) -> 46296 | K35: =IF(G35="","",IF(G35<DATE(2027,2,1),"Semester 1","Semester 2")) -> Semester 1 | L35: =IF(I35="Confirmed",TEXT(G35,"ddd"),"TBC") -> Mon | N35: Teachers | P35: Saudi Arabia, Egypt, Jordan, Other countries | Q35: Online | R35: Free | S35: https://iacademy.classera.com/lectures-list/?course_title=يوم%20المعلم%2026-27&course_type=1&c=eyJjb3Vyc2VfaWQiOiIxMjc0MzYifQ | T35: =IF(TRIM(S35)="","Missing","Published") -> Published | U35: Registration Open | V35: Not started | Z35: =IF(N(X35)>0,N(Y35)/X35,"") | AE35: =IF(G35="","",IF(H35<TODAY(),"Past",IF(G35<=TODAY(),"In progress",IF(G35-TODAY()<=14,"Next 14 days",IF(G35-TODAY()<=45,"Next 45 days","Later"))))) -> Next 14 days | AF35: =IF(G35="","",IF(H35<TODAY(),"",G35-TODAY())) -> 4 | AG35: =IF(AND(AE35="Past",U35<>"Delivered",U35<>"Cancelled",U35<>"Postponed"),"Update status",IF(AND(T35="Missing",OR(AE35="In progress",AE35="Next 14 days")),"Add link",IF(AND(AE35="Next 14 days",V35<>"Published"),"Announce",""))) -> Announce
A36: ENR-03 | B36: Enrichment Academy | C36: National & Awareness | D36: October 6 Victory Celebration | E36: فعاليات نصر 6 أكتوبر | F36: Enrichment Academy | G36: 46301 | H36: 46301 | I36: Confirmed | J36: =IF(G36="","",DATE(YEAR(G36),MONTH(G36),1)) -> 46296 | K36: =IF(G36="","",IF(G36<DATE(2027,2,1),"Semester 1","Semester 2")) -> Semester 1 | L36: =IF(I36="Confirmed",TEXT(G36,"ddd"),"TBC") -> Tue | N36: All grades | P36: Egypt | Q36: Online | R36: Free | S36: https://iacademy.classera.com/lectures-list/?course_title=فاعليات%20%20نصر%20اكتوبر%2026-27&course_type=1&c=eyJjb3Vyc2VfaWQiOiIxMjQwNDMifQ | T36: =IF(TRIM(S36)="","Missing","Published") -> Published | U36: Registration Open | V36: Not started | Z36: =IF(N(X36)>0,N(Y36)/X36,"") | AE36: =IF(G36="","",IF(H36<TODAY(),"Past",IF(G36<=TODAY(),"In progress",IF(G36-TODAY()<=14,"Next 14 days",IF(G36-TODAY()<=45,"Next 45 days","Later"))))) -> Next 14 days | AF36: =IF(G36="","",IF(H36<TODAY(),"",G36-TODAY())) -> 5 | AG36: =IF(AND(AE36="Past",U36<>"Delivered",U36<>"Cancelled",U36<>"Postponed"),"Update status",IF(AND(T36="Missing",OR(AE36="In progress",AE36="Next 14 days")),"Add link",IF(AND(AE36="Next 14 days",V36<>"Published"),"Announce",""))) -> Announce
A37: ENR-04 | B37: Enrichment Academy | C37: Skill Courses | D37: Mobile App Programming | E37: مهارات برمجة تطبيقات الجوال | F37: Enrichment Academy | G37: 46307 | H37: 46307 | I37: Confirmed | J37: =IF(G37="","",DATE(YEAR(G37),MONTH(G37),1)) -> 46296 | K37: =IF(G37="","",IF(G37<DATE(2027,2,1),"Semester 1","Semester 2")) -> Semester 1 | L37: =IF(I37="Confirmed",TEXT(G37,"ddd"),"TBC") -> Mon | N37: Middle & Secondary | P37: Saudi Arabia, Egypt, Jordan, Other countries | Q37: Online | R37: Paid (Secondary) | S37: https://iacademy.classera.com/lectures-list/?course_title=مهارات%20برمجة%20تطبيقات%20الجوال%2026-27&course_type=1&c=eyJjb3Vyc2VfaWQiOiIxMjc4MzIifQ | T37: =IF(TRIM(S37)="","Missing","Published") -> Published | U37: Registration Open | V37: Not started | Z37: =IF(N(X37)>0,N(Y37)/X37,"") | AE37: =IF(G37="","",IF(H37<TODAY(),"Past",IF(G37<=TODAY(),"In progress",IF(G37-TODAY()<=14,"Next 14 days",IF(G37-TODAY()<=45,"Next 45 days","Later"))))) -> Next 14 days | AF37: =IF(G37="","",IF(H37<TODAY(),"",G37-TODAY())) -> 11 | AG37: =IF(AND(AE37="Past",U37<>"Delivered",U37<>"Cancelled",U37<>"Postponed"),"Update status",IF(AND(T37="Missing",OR(AE37="In progress",AE37="Next 14 days")),"Add link",IF(AND(AE37="Next 14 days",V37<>"Published"),"Announce",""))) -> Announce
A38: ENR-05 | B38: Enrichment Academy | C38: Skill Courses | D38: Digital Art Fundamentals | E38: أساسيات الرسم الرقمي | F38: Enrichment Academy | G38: 46314 | H38: 46314 | I38: Confirmed | J38: =IF(G38="","",DATE(YEAR(G38),MONTH(G38),1)) -> 46296 | K38: =IF(G38="","",IF(G38<DATE(2027,2,1),"Semester 1","Semester 2")) -> Semester 1 | L38: =IF(I38="Confirmed",TEXT(G38,"ddd"),"TBC") -> Mon | N38: All grades | P38: Saudi Arabia, Egypt, Jordan, Other countries | Q38: Online | R38: Free | T38: =IF(TRIM(S38)="","Missing","Published") -> Missing | U38: Planned | V38: Not started | Z38: =IF(N(X38)>0,N(Y38)/X38,"") | AE38: =IF(G38="","",IF(H38<TODAY(),"Past",IF(G38<=TODAY(),"In progress",IF(G38-TODAY()<=14,"Next 14 days",IF(G38-TODAY()<=45,"Next 45 days","Later"))))) -> Next 45 days | AF38: =IF(G38="","",IF(H38<TODAY(),"",G38-TODAY())) -> 18 | AG38: =IF(AND(AE38="Past",U38<>"Delivered",U38<>"Cancelled",U38<>"Postponed"),"Update status",IF(AND(T38="Missing",OR(AE38="In progress",AE38="Next 14 days")),"Add link",IF(AND(AE38="Next 14 days",V38<>"Published"),"Announce","")))
A39: ENR-06 | B39: Enrichment Academy | C39: National & Awareness | D39: World Savings Day | E39: يوم الادخار العالمي | F39: Enrichment Academy | G39: 46321 | H39: 46321 | I39: Confirmed | J39: =IF(G39="","",DATE(YEAR(G39),MONTH(G39),1)) -> 46296 | K39: =IF(G39="","",IF(G39<DATE(2027,2,1),"Semester 1","Semester 2")) -> Semester 1 | L39: =IF(I39="Confirmed",TEXT(G39,"ddd"),"TBC") -> Mon | N39: All grades | P39: Saudi Arabia, Egypt, Jordan, Other countries | Q39: Online | R39: Free | S39: https://iacademy.classera.com/lectures-list/?course_title=27-26%20يوم%20الادخار%20العالمي&course_type=1&c=eyJjb3Vyc2VfaWQiOiIxMjc4MzMifQ | T39: =IF(TRIM(S39)="","Missing","Published") -> Published | U39: Registration Open | V39: Not started | Z39: =IF(N(X39)>0,N(Y39)/X39,"") | AE39: =IF(G39="","",IF(H39<TODAY(),"Past",IF(G39<=TODAY(),"In progress",IF(G39-TODAY()<=14,"Next 14 days",IF(G39-TODAY()<=45,"Next 45 days","Later"))))) -> Next 45 days | AF39: =IF(G39="","",IF(H39<TODAY(),"",G39-TODAY())) -> 25 | AG39: =IF(AND(AE39="Past",U39<>"Delivered",U39<>"Cancelled",U39<>"Postponed"),"Update status",IF(AND(T39="Missing",OR(AE39="In progress",AE39="Next 14 days")),"Add link",IF(AND(AE39="Next 14 days",V39<>"Published"),"Announce","")))
A40: ENR-07 | B40: Enrichment Academy | C40: Skill Courses | D40: Programming Fundamentals | E40: أساسيات البرمجة | F40: Enrichment Academy | G40: 46328 | H40: 46328 | I40: Confirmed | J40: =IF(G40="","",DATE(YEAR(G40),MONTH(G40),1)) -> 46327 | K40: =IF(G40="","",IF(G40<DATE(2027,2,1),"Semester 1","Semester 2")) -> Semester 1 | L40: =IF(I40="Confirmed",TEXT(G40,"ddd"),"TBC") -> Mon | N40: Elementary & Middle | P40: Saudi Arabia, Egypt, Jordan, Other countries | Q40: Online | R40: Free | S40: https://iacademy.classera.com/lectures-list/?course_title=اساسيات%20البرمجة%2026-27&course_type=1&c=eyJjb3Vyc2VfaWQiOiIxMjc4MzQifQ | T40: =IF(TRIM(S40)="","Missing","Published") -> Published | U40: Registration Open | V40: Not started | Z40: =IF(N(X40)>0,N(Y40)/X40,"") | AE40: =IF(G40="","",IF(H40<TODAY(),"Past",IF(G40<=TODAY(),"In progress",IF(G40-TODAY()<=14,"Next 14 days",IF(G40-TODAY()<=45,"Next 45 days","Later"))))) -> Next 45 days | AF40: =IF(G40="","",IF(H40<TODAY(),"",G40-TODAY())) -> 32 | AG40: =IF(AND(AE40="Past",U40<>"Delivered",U40<>"Cancelled",U40<>"Postponed"),"Update status",IF(AND(T40="Missing",OR(AE40="In progress",AE40="Next 14 days")),"Add link",IF(AND(AE40="Next 14 days",V40<>"Published"),"Announce","")))
A41: ENR-08 | B41: Enrichment Academy | C41: Skill Courses | D41: Roblox Programming | E41: دورة مهارات برمجة الروبلوكس | F41: Enrichment Academy | G41: 46335 | H41: 46335 | I41: Confirmed | J41: =IF(G41="","",DATE(YEAR(G41),MONTH(G41),1)) -> 46327 | K41: =IF(G41="","",IF(G41<DATE(2027,2,1),"Semester 1","Semester 2")) -> Semester 1 | L41: =IF(I41="Confirmed",TEXT(G41,"ddd"),"TBC") -> Mon | N41: Middle | P41: Saudi Arabia, Egypt, Jordan, Other countries | Q41: Online | R41: Free | S41: https://iacademy.classera.com/lectures-list/?course_title=26-27دورة%20مهارات%20برمجة%20الروبلوكس&course_type=1&c=eyJjb3Vyc2VfaWQiOiIxMjc4MzUifQ | T41: =IF(TRIM(S41)="","Missing","Published") -> Published | U41: Registration Open | V41: Not started | Z41: =IF(N(X41)>0,N(Y41)/X41,"") | AE41: =IF(G41="","",IF(H41<TODAY(),"Past",IF(G41<=TODAY(),"In progress",IF(G41-TODAY()<=14,"Next 14 days",IF(G41-TODAY()<=45,"Next 45 days","Later"))))) -> Next 45 days | AF41: =IF(G41="","",IF(H41<TODAY(),"",G41-TODAY())) -> 39 | AG41: =IF(AND(AE41="Past",U41<>"Delivered",U41<>"Cancelled",U41<>"Postponed"),"Update status",IF(AND(T41="Missing",OR(AE41="In progress",AE41="Next 14 days")),"Add link",IF(AND(AE41="Next 14 days",V41<>"Published"),"Announce","")))
A42: ENR-09 | B42: Enrichment Academy | C42: Skill Courses | D42: Arduino Skills | E42: مهارات الأردوينو | F42: Enrichment Academy | G42: 46342 | H42: 46342 | I42: Confirmed | J42: =IF(G42="","",DATE(YEAR(G42),MONTH(G42),1)) -> 46327 | K42: =IF(G42="","",IF(G42<DATE(2027,2,1),"Semester 1","Semester 2")) -> Semester 1 | L42: =IF(I42="Confirmed",TEXT(G42,"ddd"),"TBC") -> Mon | N42: Middle & Secondary | P42: Saudi Arabia, Egypt, Jordan, Other countries | Q42: Online | R42: Paid (Secondary) | T42: =IF(TRIM(S42)="","Missing","Published") -> Missing | U42: Planned | V42: Not started | Z42: =IF(N(X42)>0,N(Y42)/X42,"") | AE42: =IF(G42="","",IF(H42<TODAY(),"Past",IF(G42<=TODAY(),"In progress",IF(G42-TODAY()<=14,"Next 14 days",IF(G42-TODAY()<=45,"Next 45 days","Later"))))) -> Later | AF42: =IF(G42="","",IF(H42<TODAY(),"",G42-TODAY())) -> 46 | AG42: =IF(AND(AE42="Past",U42<>"Delivered",U42<>"Cancelled",U42<>"Postponed"),"Update status",IF(AND(T42="Missing",OR(AE42="In progress",AE42="Next 14 days")),"Add link",IF(AND(AE42="Next 14 days",V42<>"Published"),"Announce","")))
A43: ENR-10 | B43: Enrichment Academy | C43: Skill Courses | D43: Internet of Things | E43: مهارات إنترنت الأشياء | F43: Enrichment Academy | G43: 46349 | H43: 46349 | I43: Confirmed | J43: =IF(G43="","",DATE(YEAR(G43),MONTH(G43),1)) -> 46327 | K43: =IF(G43="","",IF(G43<DATE(2027,2,1),"Semester 1","Semester 2")) -> Semester 1 | L43: =IF(I43="Confirmed",TEXT(G43,"ddd"),"TBC") -> Mon | N43: Middle & Secondary | P43: Saudi Arabia, Egypt, Jordan, Other countries | Q43: Online | R43: Paid (Secondary) | S43: https://iacademy.classera.com/lectures-list/?course_title=26-27%20مهارات%20انترنيت%20الاشياء&course_type=1&c=eyJjb3Vyc2VfaWQiOiIxMjc4MzYifQ | T43: =IF(TRIM(S43)="","Missing","Published") -> Published | U43: Registration Open | V43: Not started | Z43: =IF(N(X43)>0,N(Y43)/X43,"") | AE43: =IF(G43="","",IF(H43<TODAY(),"Past",IF(G43<=TODAY(),"In progress",IF(G43-TODAY()<=14,"Next 14 days",IF(G43-TODAY()<=45,"Next 45 days","Later"))))) -> Later | AF43: =IF(G43="","",IF(H43<TODAY(),"",G43-TODAY())) -> 53 | AG43: =IF(AND(AE43="Past",U43<>"Delivered",U43<>"Cancelled",U43<>"Postponed"),"Update status",IF(AND(T43="Missing",OR(AE43="In progress",AE43="Next 14 days")),"Add link",IF(AND(AE43="Next 14 days",V43<>"Published"),"Announce","")))
A44: ENR-11 | B44: Enrichment Academy | C44: National & Awareness | D44: Riyali Financial Literacy Program (Flagship) | E44: برنامج ريالي للوعي المالي | F44: Enrichment Academy | G44: 46356 | H44: 46356 | I44: Confirmed | J44: =IF(G44="","",DATE(YEAR(G44),MONTH(G44),1)) -> 46327 | K44: =IF(G44="","",IF(G44<DATE(2027,2,1),"Semester 1","Semester 2")) -> Semester 1 | L44: =IF(I44="Confirmed",TEXT(G44,"ddd"),"TBC") -> Mon | N44: All grades | P44: Saudi Arabia, Egypt, Jordan, Other countries | Q44: Online | R44: Sponsored | S44: https://iacademy.classera.com/lectures-list/?course_title=26-27%20البرنامج%20ريالي%20للوعي%20المالي&course_type=1&c=eyJjb3Vyc2VfaWQiOiIxMjc4MzcifQ | T44: =IF(TRIM(S44)="","Missing","Published") -> Published | U44: Registration Open | V44: Not started | Z44: =IF(N(X44)>0,N(Y44)/X44,"") | AE44: =IF(G44="","",IF(H44<TODAY(),"Past",IF(G44<=TODAY(),"In progress",IF(G44-TODAY()<=14,"Next 14 days",IF(G44-TODAY()<=45,"Next 45 days","Later"))))) -> Later | AF44: =IF(G44="","",IF(H44<TODAY(),"",G44-TODAY())) -> 60 | AG44: =IF(AND(AE44="Past",U44<>"Delivered",U44<>"Cancelled",U44<>"Postponed"),"Update status",IF(AND(T44="Missing",OR(AE44="In progress",AE44="Next 14 days")),"Add link",IF(AND(AE44="Next 14 days",V44<>"Published"),"Announce","")))
A45: ENR-12 | B45: Enrichment Academy | C45: Skill Courses | D45: Python Programming | E45: البرمجة بلغة بايثون | F45: Enrichment Academy | G45: 46363 | H45: 46363 | I45: Confirmed | J45: =IF(G45="","",DATE(YEAR(G45),MONTH(G45),1)) -> 46357 | K45: =IF(G45="","",IF(G45<DATE(2027,2,1),"Semester 1","Semester 2")) -> Semester 1 | L45: =IF(I45="Confirmed",TEXT(G45,"ddd"),"TBC") -> Mon | N45: Secondary | P45: Saudi Arabia, Egypt, Jordan, Other countries | Q45: Online | R45: Paid (Secondary) | S45: https://iacademy.classera.com/lectures-list/?course_title=البرمجة%20بلغة%20بايثون%20%2026-27&course_type=1&c=eyJjb3Vyc2VfaWQiOiIxMjc4MzgifQ | T45: =IF(TRIM(S45)="","Missing","Published") -> Published | U45: Registration Open | V45: Not started | Z45: =IF(N(X45)>0,N(Y45)/X45,"") | AE45: =IF(G45="","",IF(H45<TODAY(),"Past",IF(G45<=TODAY(),"In progress",IF(G45-TODAY()<=14,"Next 14 days",IF(G45-TODAY()<=45,"Next 45 days","Later"))))) -> Later | AF45: =IF(G45="","",IF(H45<TODAY(),"",G45-TODAY())) -> 67 | AG45: =IF(AND(AE45="Past",U45<>"Delivered",U45<>"Cancelled",U45<>"Postponed"),"Update status",IF(AND(T45="Missing",OR(AE45="In progress",AE45="Next 14 days")),"Add link",IF(AND(AE45="Next 14 days",V45<>"Published"),"Announce","")))
A46: ENR-13 | B46: Enrichment Academy | C46: Skill Courses | D46: Cybersecurity Skills | E46: مهارات برمجية: الأمان الإلكتروني | F46: Enrichment Academy | G46: 46370 | H46: 46370 | I46: Confirmed | J46: =IF(G46="","",DATE(YEAR(G46),MONTH(G46),1)) -> 46357 | K46: =IF(G46="","",IF(G46<DATE(2027,2,1),"Semester 1","Semester 2")) -> Semester 1 | L46: =IF(I46="Confirmed",TEXT(G46,"ddd"),"TBC") -> Mon | N46: Middle & Secondary | P46: Saudi Arabia, Egypt, Jordan, Other countries | Q46: Online | R46: Paid (Secondary) | S46: https://iacademy.classera.com/lectures-list/?course_title=مهارات%20برمجية%20-%20الأمان%20الالكتروني%2026-27&course_type=1&c=eyJjb3Vyc2VfaWQiOiIxMjc4MzkifQ | T46: =IF(TRIM(S46)="","Missing","Published") -> Published | U46: Registration Open | V46: Not started | Z46: =IF(N(X46)>0,N(Y46)/X46,"") | AE46: =IF(G46="","",IF(H46<TODAY(),"Past",IF(G46<=TODAY(),"In progress",IF(G46-TODAY()<=14,"Next 14 days",IF(G46-TODAY()<=45,"Next 45 days","Later"))))) -> Later | AF46: =IF(G46="","",IF(H46<TODAY(),"",G46-TODAY())) -> 74 | AG46: =IF(AND(AE46="Past",U46<>"Delivered",U46<>"Cancelled",U46<>"Postponed"),"Update status",IF(AND(T46="Missing",OR(AE46="In progress",AE46="Next 14 days")),"Add link",IF(AND(AE46="Next 14 days",V46<>"Published"),"Announce","")))
A47: ENR-14 | B47: Enrichment Academy | C47: Skill Courses | D47: Entrepreneurship | E47: ريادة الأعمال | F47: Enrichment Academy | G47: 46377 | H47: 46377 | I47: Confirmed | J47: =IF(G47="","",DATE(YEAR(G47),MONTH(G47),1)) -> 46357 | K47: =IF(G47="","",IF(G47<DATE(2027,2,1),"Semester 1","Semester 2")) -> Semester 1 | L47: =IF(I47="Confirmed",TEXT(G47,"ddd"),"TBC") -> Mon | N47: Secondary | P47: Saudi Arabia, Egypt, Jordan, Other countries | Q47: Online | R47: Paid (Secondary) | T47: =IF(TRIM(S47)="","Missing","Published") -> Missing | U47: Planned | V47: Not started | Z47: =IF(N(X47)>0,N(Y47)/X47,"") | AE47: =IF(G47="","",IF(H47<TODAY(),"Past",IF(G47<=TODAY(),"In progress",IF(G47-TODAY()<=14,"Next 14 days",IF(G47-TODAY()<=45,"Next 45 days","Later"))))) -> Later | AF47: =IF(G47="","",IF(H47<TODAY(),"",G47-TODAY())) -> 81 | AG47: =IF(AND(AE47="Past",U47<>"Delivered",U47<>"Cancelled",U47<>"Postponed"),"Update status",IF(AND(T47="Missing",OR(AE47="In progress",AE47="Next 14 days")),"Add link",IF(AND(AE47="Next 14 days",V47<>"Published"),"Announce","")))
A48: ENR-15 | B48: Enrichment Academy | C48: Skill Courses | D48: AI Skills (Flagship) | E48: مهارات الذكاء الاصطناعي | F48: Enrichment Academy | G48: 46419 | H48: 46419 | I48: Confirmed | J48: =IF(G48="","",DATE(YEAR(G48),MONTH(G48),1)) -> 46419 | K48: =IF(G48="","",IF(G48<DATE(2027,2,1),"Semester 1","Semester 2")) -> Semester 2 | L48: =IF(I48="Confirmed",TEXT(G48,"ddd"),"TBC") -> Mon | N48: Middle & Secondary | P48: Saudi Arabia, Egypt, Jordan, Other countries | Q48: Online | R48: Paid (Secondary) | T48: =IF(TRIM(S48)="","Missing","Published") -> Missing | U48: Planned | V48: Not started | Z48: =IF(N(X48)>0,N(Y48)/X48,"") | AE48: =IF(G48="","",IF(H48<TODAY(),"Past",IF(G48<=TODAY(),"In progress",IF(G48-TODAY()<=14,"Next 14 days",IF(G48-TODAY()<=45,"Next 45 days","Later"))))) -> Later | AF48: =IF(G48="","",IF(H48<TODAY(),"",G48-TODAY())) -> 123 | AG48: =IF(AND(AE48="Past",U48<>"Delivered",U48<>"Cancelled",U48<>"Postponed"),"Update status",IF(AND(T48="Missing",OR(AE48="In progress",AE48="Next 14 days")),"Add link",IF(AND(AE48="Next 14 days",V48<>"Published"),"Announce","")))
A49: ENR-16 | B49: Enrichment Academy | C49: Competitions | D49: Challenge Competition: Question 1 (Flagship) | E49: مسابقة التحدي: السؤال الأول | F49: Enrichment Academy | G49: 46426 | H49: 46426 | I49: Confirmed | J49: =IF(G49="","",DATE(YEAR(G49),MONTH(G49),1)) -> 46419 | K49: =IF(G49="","",IF(G49<DATE(2027,2,1),"Semester 1","Semester 2")) -> Semester 2 | L49: =IF(I49="Confirmed",TEXT(G49,"ddd"),"TBC") -> Mon | N49: All grades | P49: Saudi Arabia, Egypt, Jordan, Other countries | Q49: Online | R49: Sponsored | T49: =IF(TRIM(S49)="","Missing","Published") -> Missing | U49: Planned | V49: Not started | Z49: =IF(N(X49)>0,N(Y49)/X49,"") | AE49: =IF(G49="","",IF(H49<TODAY(),"Past",IF(G49<=TODAY(),"In progress",IF(G49-TODAY()<=14,"Next 14 days",IF(G49-TODAY()<=45,"Next 45 days","Later"))))) -> Later | AF49: =IF(G49="","",IF(H49<TODAY(),"",G49-TODAY())) -> 130 | AG49: =IF(AND(AE49="Past",U49<>"Delivered",U49<>"Cancelled",U49<>"Postponed"),"Update status",IF(AND(T49="Missing",OR(AE49="In progress",AE49="Next 14 days")),"Add link",IF(AND(AE49="Next 14 days",V49<>"Published"),"Announce","")))
A50: ENR-17 | B50: Enrichment Academy | C50: National & Awareness | D50: Saudi Founding Day Activities | E50: فعاليات يوم التأسيس | F50: Enrichment Academy | G50: 46433 | H50: 46433 | I50: Confirmed | J50: =IF(G50="","",DATE(YEAR(G50),MONTH(G50),1)) -> 46419 | K50: =IF(G50="","",IF(G50<DATE(2027,2,1),"Semester 1","Semester 2")) -> Semester 2 | L50: =IF(I50="Confirmed",TEXT(G50,"ddd"),"TBC") -> Mon | N50: All grades | P50: Saudi Arabia | Q50: Online | R50: Free | T50: =IF(TRIM(S50)="","Missing","Published") -> Missing | U50: Planned | V50: Not started | Z50: =IF(N(X50)>0,N(Y50)/X50,"") | AE50: =IF(G50="","",IF(H50<TODAY(),"Past",IF(G50<=TODAY(),"In progress",IF(G50-TODAY()<=14,"Next 14 days",IF(G50-TODAY()<=45,"Next 45 days","Later"))))) -> Later | AF50: =IF(G50="","",IF(H50<TODAY(),"",G50-TODAY())) -> 137 | AG50: =IF(AND(AE50="Past",U50<>"Delivered",U50<>"Cancelled",U50<>"Postponed"),"Update status",IF(AND(T50="Missing",OR(AE50="In progress",AE50="Next 14 days")),"Add link",IF(AND(AE50="Next 14 days",V50<>"Published"),"Announce","")))
A51: ENR-18 | B51: Enrichment Academy | C51: Competitions | D51: Challenge Competition: Question 2 | E51: مسابقة التحدي: السؤال الثاني | F51: Enrichment Academy | G51: 46433 | H51: 46433 | I51: Confirmed | J51: =IF(G51="","",DATE(YEAR(G51),MONTH(G51),1)) -> 46419 | K51: =IF(G51="","",IF(G51<DATE(2027,2,1),"Semester 1","Semester 2")) -> Semester 2 | L51: =IF(I51="Confirmed",TEXT(G51,"ddd"),"TBC") -> Mon | N51: All grades | P51: Saudi Arabia, Egypt, Jordan, Other countries | Q51: Online | R51: Sponsored | T51: =IF(TRIM(S51)="","Missing","Published") -> Missing | U51: Planned | V51: Not started | Z51: =IF(N(X51)>0,N(Y51)/X51,"") | AE51: =IF(G51="","",IF(H51<TODAY(),"Past",IF(G51<=TODAY(),"In progress",IF(G51-TODAY()<=14,"Next 14 days",IF(G51-TODAY()<=45,"Next 45 days","Later"))))) -> Later | AF51: =IF(G51="","",IF(H51<TODAY(),"",G51-TODAY())) -> 137 | AG51: =IF(AND(AE51="Past",U51<>"Delivered",U51<>"Cancelled",U51<>"Postponed"),"Update status",IF(AND(T51="Missing",OR(AE51="In progress",AE51="Next 14 days")),"Add link",IF(AND(AE51="Next 14 days",V51<>"Published"),"Announce","")))
A52: ENR-19 | B52: Enrichment Academy | C52: Competitions | D52: Classera Hackathon: Launch (Flagship) | E52: انطلاق هاكثون كلاسيرا | F52: Enrichment Academy | G52: 46433 | H52: 46433 | I52: Confirmed | J52: =IF(G52="","",DATE(YEAR(G52),MONTH(G52),1)) -> 46419 | K52: =IF(G52="","",IF(G52<DATE(2027,2,1),"Semester 1","Semester 2")) -> Semester 2 | L52: =IF(I52="Confirmed",TEXT(G52,"ddd"),"TBC") -> Mon | N52: All grades | P52: Saudi Arabia, Egypt, Jordan, Other countries | Q52: Online | R52: Sponsored | T52: =IF(TRIM(S52)="","Missing","Published") -> Missing | U52: Planned | V52: Not started | Z52: =IF(N(X52)>0,N(Y52)/X52,"") | AE52: =IF(G52="","",IF(H52<TODAY(),"Past",IF(G52<=TODAY(),"In progress",IF(G52-TODAY()<=14,"Next 14 days",IF(G52-TODAY()<=45,"Next 45 days","Later"))))) -> Later | AF52: =IF(G52="","",IF(H52<TODAY(),"",G52-TODAY())) -> 137 | AG52: =IF(AND(AE52="Past",U52<>"Delivered",U52<>"Cancelled",U52<>"Postponed"),"Update status",IF(AND(T52="Missing",OR(AE52="In progress",AE52="Next 14 days")),"Add link",IF(AND(AE52="Next 14 days",V52<>"Published"),"Announce","")))
A53: ENR-20 | B53: Enrichment Academy | C53: Competitions | D53: Challenge Competition: Question 3 | E53: مسابقة التحدي: السؤال الثالث | F53: Enrichment Academy | G53: 46440 | H53: 46440 | I53: Confirmed | J53: =IF(G53="","",DATE(YEAR(G53),MONTH(G53),1)) -> 46419 | K53: =IF(G53="","",IF(G53<DATE(2027,2,1),"Semester 1","Semester 2")) -> Semester 2 | L53: =IF(I53="Confirmed",TEXT(G53,"ddd"),"TBC") -> Mon | N53: All grades | P53: Saudi Arabia, Egypt, Jordan, Other countries | Q53: Online | R53: Sponsored | T53: =IF(TRIM(S53)="","Missing","Published") -> Missing | U53: Planned | V53: Not started | Z53: =IF(N(X53)>0,N(Y53)/X53,"") | AE53: =IF(G53="","",IF(H53<TODAY(),"Past",IF(G53<=TODAY(),"In progress",IF(G53-TODAY()<=14,"Next 14 days",IF(G53-TODAY()<=45,"Next 45 days","Later"))))) -> Later | AF53: =IF(G53="","",IF(H53<TODAY(),"",G53-TODAY())) -> 144 | AG53: =IF(AND(AE53="Past",U53<>"Delivered",U53<>"Cancelled",U53<>"Postponed"),"Update status",IF(AND(T53="Missing",OR(AE53="In progress",AE53="Next 14 days")),"Add link",IF(AND(AE53="Next 14 days",V53<>"Published"),"Announce","")))
A54: ENR-21 | B54: Enrichment Academy | C54: Competitions | D54: Challenge Competition: Question 4 | E54: مسابقة التحدي: السؤال الرابع | F54: Enrichment Academy | G54: 46447 | H54: 46447 | I54: Confirmed | J54: =IF(G54="","",DATE(YEAR(G54),MONTH(G54),1)) -> 46447 | K54: =IF(G54="","",IF(G54<DATE(2027,2,1),"Semester 1","Semester 2")) -> Semester 2 | L54: =IF(I54="Confirmed",TEXT(G54,"ddd"),"TBC") -> Mon | N54: All grades | P54: Saudi Arabia, Egypt, Jordan, Other countries | Q54: Online | R54: Sponsored | T54: =IF(TRIM(S54)="","Missing","Published") -> Missing | U54: Planned | V54: Not started | Z54: =IF(N(X54)>0,N(Y54)/X54,"") | AE54: =IF(G54="","",IF(H54<TODAY(),"Past",IF(G54<=TODAY(),"In progress",IF(G54-TODAY()<=14,"Next 14 days",IF(G54-TODAY()<=45,"Next 45 days","Later"))))) -> Later | AF54: =IF(G54="","",IF(H54<TODAY(),"",G54-TODAY())) -> 151 | AG54: =IF(AND(AE54="Past",U54<>"Delivered",U54<>"Cancelled",U54<>"Postponed"),"Update status",IF(AND(T54="Missing",OR(AE54="In progress",AE54="Next 14 days")),"Add link",IF(AND(AE54="Next 14 days",V54<>"Published"),"Announce","")))
A55: ENR-22 | B55: Enrichment Academy | C55: Competitions | D55: Challenge Competition: Question 5 | E55: مسابقة التحدي: السؤال الخامس | F55: Enrichment Academy | G55: 46454 | H55: 46454 | I55: Confirmed | J55: =IF(G55="","",DATE(YEAR(G55),MONTH(G55),1)) -> 46447 | K55: =IF(G55="","",IF(G55<DATE(2027,2,1),"Semester 1","Semester 2")) -> Semester 2 | L55: =IF(I55="Confirmed",TEXT(G55,"ddd"),"TBC") -> Mon | N55: All grades | P55: Saudi Arabia, Egypt, Jordan, Other countries | Q55: Online | R55: Sponsored | T55: =IF(TRIM(S55)="","Missing","Published") -> Missing | U55: Planned | V55: Not started | Z55: =IF(N(X55)>0,N(Y55)/X55,"") | AE55: =IF(G55="","",IF(H55<TODAY(),"Past",IF(G55<=TODAY(),"In progress",IF(G55-TODAY()<=14,"Next 14 days",IF(G55-TODAY()<=45,"Next 45 days","Later"))))) -> Later | AF55: =IF(G55="","",IF(H55<TODAY(),"",G55-TODAY())) -> 158 | AG55: =IF(AND(AE55="Past",U55<>"Delivered",U55<>"Cancelled",U55<>"Postponed"),"Update status",IF(AND(T55="Missing",OR(AE55="In progress",AE55="Next 14 days")),"Add link",IF(AND(AE55="Next 14 days",V55<>"Published"),"Announce","")))
A56: ENR-23 | B56: Enrichment Academy | C56: Skill Courses | D56: Robot Programming: Beginner | E56: برمجة الروبوت: المستوى المبتدئ | F56: Enrichment Academy | G56: 46468 | H56: 46468 | I56: Confirmed | J56: =IF(G56="","",DATE(YEAR(G56),MONTH(G56),1)) -> 46447 | K56: =IF(G56="","",IF(G56<DATE(2027,2,1),"Semester 1","Semester 2")) -> Semester 2 | L56: =IF(I56="Confirmed",TEXT(G56,"ddd"),"TBC") -> Mon | N56: Middle | P56: Saudi Arabia, Egypt, Jordan, Other countries | Q56: Online | R56: Free | T56: =IF(TRIM(S56)="","Missing","Published") -> Missing | U56: Planned | V56: Not started | Z56: =IF(N(X56)>0,N(Y56)/X56,"") | AE56: =IF(G56="","",IF(H56<TODAY(),"Past",IF(G56<=TODAY(),"In progress",IF(G56-TODAY()<=14,"Next 14 days",IF(G56-TODAY()<=45,"Next 45 days","Later"))))) -> Later | AF56: =IF(G56="","",IF(H56<TODAY(),"",G56-TODAY())) -> 172 | AG56: =IF(AND(AE56="Past",U56<>"Delivered",U56<>"Cancelled",U56<>"Postponed"),"Update status",IF(AND(T56="Missing",OR(AE56="In progress",AE56="Next 14 days")),"Add link",IF(AND(AE56="Next 14 days",V56<>"Published"),"Announce","")))
A57: ENR-24 | B57: Enrichment Academy | C57: Skill Courses | D57: Robot Programming: Advanced | E57: مهارات برمجة الروبوت: المستوى المتقدم | F57: Enrichment Academy | G57: 46475 | H57: 46475 | I57: Confirmed | J57: =IF(G57="","",DATE(YEAR(G57),MONTH(G57),1)) -> 46447 | K57: =IF(G57="","",IF(G57<DATE(2027,2,1),"Semester 1","Semester 2")) -> Semester 2 | L57: =IF(I57="Confirmed",TEXT(G57,"ddd"),"TBC") -> Mon | N57: Secondary | P57: Saudi Arabia, Egypt, Jordan, Other countries | Q57: Online | R57: Paid (Secondary) | T57: =IF(TRIM(S57)="","Missing","Published") -> Missing | U57: Planned | V57: Not started | Z57: =IF(N(X57)>0,N(Y57)/X57,"") | AE57: =IF(G57="","",IF(H57<TODAY(),"Past",IF(G57<=TODAY(),"In progress",IF(G57-TODAY()<=14,"Next 14 days",IF(G57-TODAY()<=45,"Next 45 days","Later"))))) -> Later | AF57: =IF(G57="","",IF(H57<TODAY(),"",G57-TODAY())) -> 179 | AG57: =IF(AND(AE57="Past",U57<>"Delivered",U57<>"Cancelled",U57<>"Postponed"),"Update status",IF(AND(T57="Missing",OR(AE57="In progress",AE57="Next 14 days")),"Add link",IF(AND(AE57="Next 14 days",V57<>"Published"),"Announce","")))
A58: ENR-25 | B58: Enrichment Academy | C58: Skill Courses | D58: Global Robotics Competition Prep | E58: التهيئة لمسابقات الروبوت العالمية | F58: Enrichment Academy | G58: 46482 | H58: 46482 | I58: Confirmed | J58: =IF(G58="","",DATE(YEAR(G58),MONTH(G58),1)) -> 46478 | K58: =IF(G58="","",IF(G58<DATE(2027,2,1),"Semester 1","Semester 2")) -> Semester 2 | L58: =IF(I58="Confirmed",TEXT(G58,"ddd"),"TBC") -> Mon | N58: Secondary | P58: Saudi Arabia, Egypt, Jordan, Other countries | Q58: Online | R58: Paid (Secondary) | T58: =IF(TRIM(S58)="","Missing","Published") -> Missing | U58: Planned | V58: Not started | Z58: =IF(N(X58)>0,N(Y58)/X58,"") | AE58: =IF(G58="","",IF(H58<TODAY(),"Past",IF(G58<=TODAY(),"In progress",IF(G58-TODAY()<=14,"Next 14 days",IF(G58-TODAY()<=45,"Next 45 days","Later"))))) -> Later | AF58: =IF(G58="","",IF(H58<TODAY(),"",G58-TODAY())) -> 186 | AG58: =IF(AND(AE58="Past",U58<>"Delivered",U58<>"Cancelled",U58<>"Postponed"),"Update status",IF(AND(T58="Missing",OR(AE58="In progress",AE58="Next 14 days")),"Add link",IF(AND(AE58="Next 14 days",V58<>"Published"),"Announce","")))
... A65: ENR-32 | B65: Enrichment Academy | C65: Competitions | D65: National Challenge: Results | E65: التحدي الوطني: إعلان النتائج | F65: Enrichment Academy | G65: 46552 | H65: 46552 | I65: Confirmed | J65: =IF(G65="","",DATE(YEAR(G65),MONTH(G65),1)) -> 46539 | K65: =IF(G65="","",IF(G65<DATE(2027,2,1),"Semester 1","Semester 2")) -> Semester 2 | L65: =IF(I65="Confirmed",TEXT(G65,"ddd"),"TBC") -> Mon | N65: All grades | P65: Saudi Arabia, Egypt, Jordan, Other countries | Q65: Online | R65: Sponsored | T65: =IF(TRIM(S65)="","Missing","Published") -> Missing | U65: Planned | V65: Not started | Z65: =IF(N(X65)>0,N(Y65)/X65,"") | AE65: =IF(G65="","",IF(H65<TODAY(),"Past",IF(G65<=TODAY(),"In progress",IF(G65-TODAY()<=14,"Next 14 days",IF(G65-TODAY()<=45,"Next 45 days","Later"))))) -> Later | AF65: =IF(G65="","",IF(H65<TODAY(),"",G65-TODAY())) -> 256 | AG65: =IF(AND(AE65="Past",U65<>"Delivered",U65<>"Cancelled",U65<>"Postponed"),"Update status",IF(AND(T65="Missing",OR(AE65="In progress",AE65="Next 14 days")),"Add link",IF(AND(AE65="Next 14 days",V65<>"Published"),"Announce","")))
A66: PRD-01 | B66: Product Events | C66: Services Introduction | D66: Services introduction session | E66: لقاء تعريفي بالخدمات | F66: EduMalls X + C-Inspire | G66: 46321 | H66: 46321 | I66: Confirmed | J66: =IF(G66="","",DATE(YEAR(G66),MONTH(G66),1)) -> 46296 | K66: =IF(G66="","",IF(G66<DATE(2027,2,1),"Semester 1","Semester 2")) -> Semester 1 | L66: =IF(I66="Confirmed",TEXT(G66,"ddd"),"TBC") -> Mon | N66: Teaching staff | Q66: Online | T66: =IF(TRIM(S66)="","Missing","Published") -> Missing | U66: Planned | V66: Not started | Z66: =IF(N(X66)>0,N(Y66)/X66,"") | AE66: =IF(G66="","",IF(H66<TODAY(),"Past",IF(G66<=TODAY(),"In progress",IF(G66-TODAY()<=14,"Next 14 days",IF(G66-TODAY()<=45,"Next 45 days","Later"))))) -> Next 45 days | AF66: =IF(G66="","",IF(H66<TODAY(),"",G66-TODAY())) -> 25 | AG66: =IF(AND(AE66="Past",U66<>"Delivered",U66<>"Cancelled",U66<>"Postponed"),"Update status",IF(AND(T66="Missing",OR(AE66="In progress",AE66="Next 14 days")),"Add link",IF(AND(AE66="Next 14 days",V66<>"Published"),"Announce","")))
A67: PRD-02 | B67: Product Events | C67: Offers Campaign | D67: Saudi Founding Day offers | E67: عروض يوم التأسيس السعودي | F67: EduMalls X + C-Inspire | G67: 46419 | H67: 46419 | I67: Confirmed | J67: =IF(G67="","",DATE(YEAR(G67),MONTH(G67),1)) -> 46419 | K67: =IF(G67="","",IF(G67<DATE(2027,2,1),"Semester 1","Semester 2")) -> Semester 2 | L67: =IF(I67="Confirmed",TEXT(G67,"ddd"),"TBC") -> Mon | N67: Teaching staff | P67: Saudi Arabia | Q67: Online | T67: =IF(TRIM(S67)="","Missing","Published") -> Missing | U67: Planned | V67: Not started | Z67: =IF(N(X67)>0,N(Y67)/X67,"") | AE67: =IF(G67="","",IF(H67<TODAY(),"Past",IF(G67<=TODAY(),"In progress",IF(G67-TODAY()<=14,"Next 14 days",IF(G67-TODAY()<=45,"Next 45 days","Later"))))) -> Later | AF67: =IF(G67="","",IF(H67<TODAY(),"",G67-TODAY())) -> 123 | AG67: =IF(AND(AE67="Past",U67<>"Delivered",U67<>"Cancelled",U67<>"Postponed"),"Update status",IF(AND(T67="Missing",OR(AE67="In progress",AE67="Next 14 days")),"Add link",IF(AND(AE67="Next 14 days",V67<>"Published"),"Announce","")))
A68: PRD-03 | B68: Product Events | C68: Product Launch | D68: C-Smarx launch: resource management for schools | E68: إطلاق نظام سي-سمارك إكس لإدارة الموارد | F68: C-Smarx | G68: 46419 | H68: 46446 | I68: Day TBC | J68: =IF(G68="","",DATE(YEAR(G68),MONTH(G68),1)) -> 46419 | K68: =IF(G68="","",IF(G68<DATE(2027,2,1),"Semester 1","Semester 2")) -> Semester 2 | L68: =IF(I68="Confirmed",TEXT(G68,"ddd"),"TBC") -> TBC | N68: Administration & finance | Q68: Online | T68: =IF(TRIM(S68)="","Missing","Published") -> Missing | U68: Planned | V68: Not started | Z68: =IF(N(X68)>0,N(Y68)/X68,"") | AE68: =IF(G68="","",IF(H68<TODAY(),"Past",IF(G68<=TODAY(),"In progress",IF(G68-TODAY()<=14,"Next 14 days",IF(G68-TODAY()<=45,"Next 45 days","Later"))))) -> Later | AF68: =IF(G68="","",IF(H68<TODAY(),"",G68-TODAY())) -> 123 | AG68: =IF(AND(AE68="Past",U68<>"Delivered",U68<>"Cancelled",U68<>"Postponed"),"Update status",IF(AND(T68="Missing",OR(AE68="In progress",AE68="Next 14 days")),"Add link",IF(AND(AE68="Next 14 days",V68<>"Published"),"Announce","")))
A69: PRD-04 | B69: Product Events | C69: Offers Campaign | D69: End-of-year offers | E69: عروض نهاية العام | F69: EduMalls X + C-Inspire | G69: 46497 | H69: 46497 | I69: Confirmed | J69: =IF(G69="","",DATE(YEAR(G69),MONTH(G69),1)) -> 46478 | K69: =IF(G69="","",IF(G69<DATE(2027,2,1),"Semester 1","Semester 2")) -> Semester 2 | L69: =IF(I69="Confirmed",TEXT(G69,"ddd"),"TBC") -> Tue | N69: Teaching staff | Q69: Online | T69: =IF(TRIM(S69)="","Missing","Published") -> Missing | U69: Planned | V69: Not started | Z69: =IF(N(X69)>0,N(Y69)/X69,"") | AE69: =IF(G69="","",IF(H69<TODAY(),"Past",IF(G69<=TODAY(),"In progress",IF(G69-TODAY()<=14,"Next 14 days",IF(G69-TODAY()<=45,"Next 45 days","Later"))))) -> Later | AF69: =IF(G69="","",IF(H69<TODAY(),"",G69-TODAY())) -> 201 | AG69: =IF(AND(AE69="Past",U69<>"Delivered",U69<>"Cancelled",U69<>"Postponed"),"Update status",IF(AND(T69="Missing",OR(AE69="In progress",AE69="Next 14 days")),"Add link",IF(AND(AE69="Next 14 days",V69<>"Published"),"Announce","")))
A70: INP-01 | B70: In-Person Events | C70: Classera Forum | D70: Classera Education Forum: Kuwait | E70: ملتقى كلاسيرا للتعليم: الكويت | F70: Hosted by Classera | G70: 46357 | H70: 46387 | I70: Day TBC | J70: =IF(G70="","",DATE(YEAR(G70),MONTH(G70),1)) -> 46357 | K70: =IF(G70="","",IF(G70<DATE(2027,2,1),"Semester 1","Semester 2")) -> Semester 1 | L70: =IF(I70="Confirmed",TEXT(G70,"ddd"),"TBC") -> TBC | N70: Clients & partners | P70: Kuwait | Q70: In-person | T70: =IF(TRIM(S70)="","Missing","Published") -> Missing | U70: Planned | V70: Not started | Z70: =IF(N(X70)>0,N(Y70)/X70,"") | AE70: =IF(G70="","",IF(H70<TODAY(),"Past",IF(G70<=TODAY(),"In progress",IF(G70-TODAY()<=14,"Next 14 days",IF(G70-TODAY()<=45,"Next 45 days","Later"))))) -> Later | AF70: =IF(G70="","",IF(H70<TODAY(),"",G70-TODAY())) -> 61 | AG70: =IF(AND(AE70="Past",U70<>"Delivered",U70<>"Cancelled",U70<>"Postponed"),"Update status",IF(AND(T70="Missing",OR(AE70="In progress",AE70="Next 14 days")),"Add link",IF(AND(AE70="Next 14 days",V70<>"Published"),"Announce","")))
A71: INP-02 | B71: In-Person Events | C71: Classera Forum | D71: Classera Education & Training Forum: KSA (existing clients) | E71: ملتقى كلاسيرا للتعليم والتدريب: السعودية (العملاء الحاليون) | F71: Hosted by Classera | G71: 46357 | H71: 46387 | I71: Day TBC | J71: =IF(G71="","",DATE(YEAR(G71),MONTH(G71),1)) -> 46357 | K71: =IF(G71="","",IF(G71<DATE(2027,2,1),"Semester 1","Semester 2")) -> Semester 1 | L71: =IF(I71="Confirmed",TEXT(G71,"ddd"),"TBC") -> TBC | N71: Clients & partners | P71: Saudi Arabia (Riyadh, Jeddah, Dammam) | Q71: In-person | T71: =IF(TRIM(S71)="","Missing","Published") -> Missing | U71: Planned | V71: Not started | Z71: =IF(N(X71)>0,N(Y71)/X71,"") | AE71: =IF(G71="","",IF(H71<TODAY(),"Past",IF(G71<=TODAY(),"In progress",IF(G71-TODAY()<=14,"Next 14 days",IF(G71-TODAY()<=45,"Next 45 days","Later"))))) -> Later | AF71: =IF(G71="","",IF(H71<TODAY(),"",G71-TODAY())) -> 61 | AG71: =IF(AND(AE71="Past",U71<>"Delivered",U71<>"Cancelled",U71<>"Postponed"),"Update status",IF(AND(T71="Missing",OR(AE71="In progress",AE71="Next 14 days")),"Add link",IF(AND(AE71="Next 14 days",V71<>"Published"),"Announce","")))
A72: INP-03 | B72: In-Person Events | C72: International Conference & Expo | D72: Bett UK | E72: مؤتمر ومعرض بيت البريطاني Bett UK | F72: Classera attending | G72: 46388 | H72: 46418 | I72: Day TBC | J72: =IF(G72="","",DATE(YEAR(G72),MONTH(G72),1)) -> 46388 | K72: =IF(G72="","",IF(G72<DATE(2027,2,1),"Semester 1","Semester 2")) -> Semester 1 | L72: =IF(I72="Confirmed",TEXT(G72,"ddd"),"TBC") -> TBC | N72: Clients & partners | P72: United Kingdom (London) | Q72: In-person | T72: =IF(TRIM(S72)="","Missing","Published") -> Missing | U72: Planned | V72: Not started | Z72: =IF(N(X72)>0,N(Y72)/X72,"") | AE72: =IF(G72="","",IF(H72<TODAY(),"Past",IF(G72<=TODAY(),"In progress",IF(G72-TODAY()<=14,"Next 14 days",IF(G72-TODAY()<=45,"Next 45 days","Later"))))) -> Later | AF72: =IF(G72="","",IF(H72<TODAY(),"",G72-TODAY())) -> 92 | AG72: =IF(AND(AE72="Past",U72<>"Delivered",U72<>"Cancelled",U72<>"Postponed"),"Update status",IF(AND(T72="Missing",OR(AE72="In progress",AE72="Next 14 days")),"Add link",IF(AND(AE72="Next 14 days",V72<>"Published"),"Announce","")))
A73: INP-04 | B73: In-Person Events | C73: Seasonal Activities | D73: Classera Ramadan activities | E73: فعاليات كلاسيرا الرمضانية | F73: Classera | G73: 46419 | H73: 46446 | I73: Day TBC | J73: =IF(G73="","",DATE(YEAR(G73),MONTH(G73),1)) -> 46419 | K73: =IF(G73="","",IF(G73<DATE(2027,2,1),"Semester 1","Semester 2")) -> Semester 2 | L73: =IF(I73="Confirmed",TEXT(G73,"ddd"),"TBC") -> TBC | N73: Clients & partners | P73: Across the region | Q73: In-person | T73: =IF(TRIM(S73)="","Missing","Published") -> Missing | U73: Planned | V73: Not started | Z73: =IF(N(X73)>0,N(Y73)/X73,"") | AE73: =IF(G73="","",IF(H73<TODAY(),"Past",IF(G73<=TODAY(),"In progress",IF(G73-TODAY()<=14,"Next 14 days",IF(G73-TODAY()<=45,"Next 45 days","Later"))))) -> Later | AF73: =IF(G73="","",IF(H73<TODAY(),"",G73-TODAY())) -> 123 | AG73: =IF(AND(AE73="Past",U73<>"Delivered",U73<>"Cancelled",U73<>"Postponed"),"Update status",IF(AND(T73="Missing",OR(AE73="In progress",AE73="Next 14 days")),"Add link",IF(AND(AE73="Next 14 days",V73<>"Published"),"Announce","")))
A74: INP-05 | B74: In-Person Events | C74: InnoXera | D74: InnoXera: Oman | E74: إنوكسيرا: عُمان | F74: Classera taking part | G74: 46447 | H74: 46477 | I74: Day TBC | J74: =IF(G74="","",DATE(YEAR(G74),MONTH(G74),1)) -> 46447 | K74: =IF(G74="","",IF(G74<DATE(2027,2,1),"Semester 1","Semester 2")) -> Semester 2 | L74: =IF(I74="Confirmed",TEXT(G74,"ddd"),"TBC") -> TBC | N74: Clients & partners | P74: Oman | Q74: In-person | T74: =IF(TRIM(S74)="","Missing","Published") -> Missing | U74: Planned | V74: Not started | Z74: =IF(N(X74)>0,N(Y74)/X74,"") | AE74: =IF(G74="","",IF(H74<TODAY(),"Past",IF(G74<=TODAY(),"In progress",IF(G74-TODAY()<=14,"Next 14 days",IF(G74-TODAY()<=45,"Next 45 days","Later"))))) -> Later | AF74: =IF(G74="","",IF(H74<TODAY(),"",G74-TODAY())) -> 151 | AG74: =IF(AND(AE74="Past",U74<>"Delivered",U74<>"Cancelled",U74<>"Postponed"),"Update status",IF(AND(T74="Missing",OR(AE74="In progress",AE74="Next 14 days")),"Add link",IF(AND(AE74="Next 14 days",V74<>"Published"),"Announce","")))
A75: INP-06 | B75: In-Person Events | C75: InnoXera | D75: InnoXera: Bahrain | E75: إنوكسيرا: البحرين | F75: Classera taking part | G75: 46447 | H75: 46477 | I75: Day TBC | J75: =IF(G75="","",DATE(YEAR(G75),MONTH(G75),1)) -> 46447 | K75: =IF(G75="","",IF(G75<DATE(2027,2,1),"Semester 1","Semester 2")) -> Semester 2 | L75: =IF(I75="Confirmed",TEXT(G75,"ddd"),"TBC") -> TBC | N75: Clients & partners | P75: Bahrain | Q75: In-person | T75: =IF(TRIM(S75)="","Missing","Published") -> Missing | U75: Planned | V75: Not started | Z75: =IF(N(X75)>0,N(Y75)/X75,"") | AE75: =IF(G75="","",IF(H75<TODAY(),"Past",IF(G75<=TODAY(),"In progress",IF(G75-TODAY()<=14,"Next 14 days",IF(G75-TODAY()<=45,"Next 45 days","Later"))))) -> Later | AF75: =IF(G75="","",IF(H75<TODAY(),"",G75-TODAY())) -> 151 | AG75: =IF(AND(AE75="Past",U75<>"Delivered",U75<>"Cancelled",U75<>"Postponed"),"Update status",IF(AND(T75="Missing",OR(AE75="In progress",AE75="Next 14 days")),"Add link",IF(AND(AE75="Next 14 days",V75<>"Published"),"Announce","")))
A76: INP-07 | B76: In-Person Events | C76: Classera Forum | D76: Classera Education Forum: Egypt | E76: ملتقى كلاسيرا للتعليم: مصر | F76: Hosted by Classera | G76: 46478 | H76: 46507 | I76: Day TBC | J76: =IF(G76="","",DATE(YEAR(G76),MONTH(G76),1)) -> 46478 | K76: =IF(G76="","",IF(G76<DATE(2027,2,1),"Semester 1","Semester 2")) -> Semester 2 | L76: =IF(I76="Confirmed",TEXT(G76,"ddd"),"TBC") -> TBC | N76: Clients & partners | P76: Egypt | Q76: In-person | T76: =IF(TRIM(S76)="","Missing","Published") -> Missing | U76: Planned | V76: Not started | Z76: =IF(N(X76)>0,N(Y76)/X76,"") | AE76: =IF(G76="","",IF(H76<TODAY(),"Past",IF(G76<=TODAY(),"In progress",IF(G76-TODAY()<=14,"Next 14 days",IF(G76-TODAY()<=45,"Next 45 days","Later"))))) -> Later | AF76: =IF(G76="","",IF(H76<TODAY(),"",G76-TODAY())) -> 182 | AG76: =IF(AND(AE76="Past",U76<>"Delivered",U76<>"Cancelled",U76<>"Postponed"),"Update status",IF(AND(T76="Missing",OR(AE76="In progress",AE76="Next 14 days")),"Add link",IF(AND(AE76="Next 14 days",V76<>"Published"),"Announce","")))
A77: INP-08 | B77: In-Person Events | C77: Classera Forum | D77: Classera Education Forum: KSA (new clients) | E77: ملتقى كلاسيرا للتعليم: السعودية (العملاء الجدد) | F77: Hosted by Classera | G77: 46478 | H77: 46507 | I77: Day TBC | J77: =IF(G77="","",DATE(YEAR(G77),MONTH(G77),1)) -> 46478 | K77: =IF(G77="","",IF(G77<DATE(2027,2,1),"Semester 1","Semester 2")) -> Semester 2 | L77: =IF(I77="Confirmed",TEXT(G77,"ddd"),"TBC") -> TBC | N77: Clients & partners | P77: Saudi Arabia (Jeddah, Dammam) | Q77: In-person | T77: =IF(TRIM(S77)="","Missing","Published") -> Missing | U77: Planned | V77: Not started | Z77: =IF(N(X77)>0,N(Y77)/X77,"") | AE77: =IF(G77="","",IF(H77<TODAY(),"Past",IF(G77<=TODAY(),"In progress",IF(G77-TODAY()<=14,"Next 14 days",IF(G77-TODAY()<=45,"Next 45 days","Later"))))) -> Later | AF77: =IF(G77="","",IF(H77<TODAY(),"",G77-TODAY())) -> 182 | AG77: =IF(AND(AE77="Past",U77<>"Delivered",U77<>"Cancelled",U77<>"Postponed"),"Update status",IF(AND(T77="Missing",OR(AE77="In progress",AE77="Next 14 days")),"Add link",IF(AND(AE77="Next 14 days",V77<>"Published"),"Announce","")))
A78: INP-09 | B78: In-Person Events | C78: InnoXera | D78: InnoXera: Saudi Arabia | E78: إنوكسيرا: السعودية | F78: Classera taking part | G78: 46478 | H78: 46507 | I78: Day TBC | J78: =IF(G78="","",DATE(YEAR(G78),MONTH(G78),1)) -> 46478 | K78: =IF(G78="","",IF(G78<DATE(2027,2,1),"Semester 1","Semester 2")) -> Semester 2 | L78: =IF(I78="Confirmed",TEXT(G78,"ddd"),"TBC") -> TBC | N78: Clients & partners | P78: Saudi Arabia | Q78: In-person | T78: =IF(TRIM(S78)="","Missing","Published") -> Missing | U78: Planned | V78: Not started | Z78: =IF(N(X78)>0,N(Y78)/X78,"") | AE78: =IF(G78="","",IF(H78<TODAY(),"Past",IF(G78<=TODAY(),"In progress",IF(G78-TODAY()<=14,"Next 14 days",IF(G78-TODAY()<=45,"Next 45 days","Later"))))) -> Later | AF78: =IF(G78="","",IF(H78<TODAY(),"",G78-TODAY())) -> 182 | AG78: =IF(AND(AE78="Past",U78<>"Delivered",U78<>"Cancelled",U78<>"Postponed"),"Update status",IF(AND(T78="Missing",OR(AE78="In progress",AE78="Next 14 days")),"Add link",IF(AND(AE78="Next 14 days",V78<>"Published"),"Announce","")))
A79: INP-10 | B79: In-Person Events | C79: International Conference & Expo | D79: HCI + EDGEx | E79: مشاركة كلاسيرا في HCI + EDGEx | F79: Classera taking part | G79: 46489 | H79: 46490 | I79: Confirmed | J79: =IF(G79="","",DATE(YEAR(G79),MONTH(G79),1)) -> 46478 | K79: =IF(G79="","",IF(G79<DATE(2027,2,1),"Semester 1","Semester 2")) -> Semester 2 | L79: =IF(I79="Confirmed",TEXT(G79,"ddd"),"TBC") -> Mon | N79: Clients & partners | P79: TBC | Q79: In-person | T79: =IF(TRIM(S79)="","Missing","Published") -> Missing | U79: Planned | V79: Not started | Z79: =IF(N(X79)>0,N(Y79)/X79,"") | AE79: =IF(G79="","",IF(H79<TODAY(),"Past",IF(G79<=TODAY(),"In progress",IF(G79-TODAY()<=14,"Next 14 days",IF(G79-TODAY()<=45,"Next 45 days","Later"))))) -> Later | AF79: =IF(G79="","",IF(H79<TODAY(),"",G79-TODAY())) -> 193 | AG79: =IF(AND(AE79="Past",U79<>"Delivered",U79<>"Cancelled",U79<>"Postponed"),"Update status",IF(AND(T79="Missing",OR(AE79="In progress",AE79="Next 14 days")),"Add link",IF(AND(AE79="Next 14 days",V79<>"Published"),"Announce","")))
A80: INP-11 | B80: In-Person Events | C80: International Conference & Expo | D80: Education World Forum (EWF): London | E80: منتدى التعليم العالمي EWF: لندن | F80: Classera attending | G80: 46508 | H80: 46538 | I80: Day TBC | J80: =IF(G80="","",DATE(YEAR(G80),MONTH(G80),1)) -> 46508 | K80: =IF(G80="","",IF(G80<DATE(2027,2,1),"Semester 1","Semester 2")) -> Semester 2 | L80: =IF(I80="Confirmed",TEXT(G80,"ddd"),"TBC") -> TBC | N80: Clients & partners | P80: United Kingdom (London) | Q80: In-person | T80: =IF(TRIM(S80)="","Missing","Published") -> Missing | U80: Planned | V80: Not started | Z80: =IF(N(X80)>0,N(Y80)/X80,"") | AE80: =IF(G80="","",IF(H80<TODAY(),"Past",IF(G80<=TODAY(),"In progress",IF(G80-TODAY()<=14,"Next 14 days",IF(G80-TODAY()<=45,"Next 45 days","Later"))))) -> Later | AF80: =IF(G80="","",IF(H80<TODAY(),"",G80-TODAY())) -> 212 | AG80: =IF(AND(AE80="Past",U80<>"Delivered",U80<>"Cancelled",U80<>"Postponed"),"Update status",IF(AND(T80="Missing",OR(AE80="In progress",AE80="Next 14 days")),"Add link",IF(AND(AE80="Next 14 days",V80<>"Published"),"Announce","")))
A81: INP-12 | B81: In-Person Events | C81: InnoXera | D81: InnoXera: Qatar | E81: إنوكسيرا: قطر | F81: Classera taking part | G81: 46508 | H81: 46538 | I81: Day TBC | J81: =IF(G81="","",DATE(YEAR(G81),MONTH(G81),1)) -> 46508 | K81: =IF(G81="","",IF(G81<DATE(2027,2,1),"Semester 1","Semester 2")) -> Semester 2 | L81: =IF(I81="Confirmed",TEXT(G81,"ddd"),"TBC") -> TBC | N81: Clients & partners | P81: Qatar | Q81: In-person | T81: =IF(TRIM(S81)="","Missing","Published") -> Missing | U81: Planned | V81: Not started | Z81: =IF(N(X81)>0,N(Y81)/X81,"") | AE81: =IF(G81="","",IF(H81<TODAY(),"Past",IF(G81<=TODAY(),"In progress",IF(G81-TODAY()<=14,"Next 14 days",IF(G81-TODAY()<=45,"Next 45 days","Later"))))) -> Later | AF81: =IF(G81="","",IF(H81<TODAY(),"",G81-TODAY())) -> 212 | AG81: =IF(AND(AE81="Past",U81<>"Delivered",U81<>"Cancelled",U81<>"Postponed"),"Update status",IF(AND(T81="Missing",OR(AE81="In progress",AE81="Next 14 days")),"Add link",IF(AND(AE81="Next 14 days",V81<>"Published"),"Announce","")))

Sheet Lists
A1: Program | B1: Event Status | C1: Announcement Status | D1: Date Status | E1: Delivery Mode | F1: Pricing
A2: Professional Development | B2: Planned | C2: Not started | D2: Confirmed | E2: Online | F2: Free
A3: Accreditation | B3: Confirmed | C3: Drafted | D3: Day TBC | E3: In-person | F3: Paid (Secondary)
A4: Enrichment Academy | B4: Registration Open | C4: In review | D4: Month TBC | E4: Hybrid | F4: Sponsored
A5: Product Events | B5: Delivered | C5: Approved | F5: Paid
A6: In-Person Events | B6: Postponed | C6: Published
B7: Cancelled

Sheet Off-Periods
A1: From | B1: To | C1: Off-Period (EN) | D1: Off-Period (AR) | E1: Country | F1: Days
A2: 46288 | B2: 46291 | C2: KSA National Day | D2: اليوم الوطني السعودي | E2: Saudi Arabia | F2: =B2-A2+1 -> 4
A3: 46346 | B3: 46354 | C3: KSA Autumn Break | D3: إجازة الخريف | E3: Saudi Arabia | F3: =B3-A3+1 -> 9
A4: 46389 | B4: 46395 | C4: Egypt exam-prep buffer | D4: فترة الاستعداد للامتحانات | E4: Egypt | F4: =B4-A4+1 -> 7
A5: 46395 | B5: 46403 | C5: KSA Mid-year Break | D5: إجازة منتصف العام | E5: Saudi Arabia | F5: =B5-A5+1 -> 9
A6: 46396 | B6: 46408 | C6: Egypt Term-1 Exams | D6: امتحانات الفصل الأول | E6: Egypt | F6: =B6-A6+1 -> 13
A7: 46410 | B7: 46422 | C7: Egypt Mid-year Break | D7: إجازة منتصف العام | E7: Egypt | F7: =B7-A7+1 -> 13
A8: 46437 | B8: 46440 | C8: KSA Founding Day | D8: يوم التأسيس السعودي | E8: Saudi Arabia | F8: =B8-A8+1 -> 4
A9: 46444 | B9: 46459 | C9: KSA Eid al-Fitr Break | D9: إجازة عيد الفطر | E9: Saudi Arabia | F9: =B9-A9+1 -> 16
A10: 46514 | B10: 46529 | C10: KSA Eid al-Adha Break | D10: إجازة عيد الأضحى | E10: Saudi Arabia | F10: =B10-A10+1 -> 16
A11: 46529 | B11: 46534 | C11: Egypt End-of-Year Exams | D11: امتحانات نهاية العام | E11: Egypt | F11: =B11-A11+1 -> 6
A13: Source: plans.classera.com Full Calendar (KSA and Egypt school calendars). No sessions are scheduled inside these periods.
